insert into "public"."Course" ("department", "course_code", "course_cluster", "course_name", "course_description") values
	('PSY', 10000, 'PSY Core', 'Principles of Psychology', 'This course is an exploration of basic psychological concepts, methods, and findings contributing to an understanding of human behavior.'),
	('PSY', 30400, 'PSY Core', 'Basic Research Methods', 'This course explores the logic and methods of behavioral research. Students complete group research projects designed to reinforce pivotal concepts.'),
	('PSY', 30600, 'PSY Core', 'Behavioral Science Stats', 'This course emphasizes the application of descriptive and inferential statistics in behavioral science research.'),
	('PSY', 48500, 'PSY Core', 'Senior Seminar', 'This course is a survey of the history of psychology and recent developments in various fields within the discipline. Learning from previous coursework is consolidated and integrated. Relationships between personal characteristics and career choices are explored. Professional issues and ethics are examined.'),
	('PSY', 30300, 'Clinical', 'Abnormal Psychology', 'This course is a survey of the major classes of mental disorders. Emphasis is on understanding symptoms, the complex interaction of factors related to mental disorders, and controversies in the field.'),
	('PSY', 30900, 'Clinical', 'Personality', 'Explores core concepts in the field of personality, with emphasis on how those concepts are integrated into personality theories and how they are evaluated scientifically. Students apply these concepts in independent projects.'),
	('PSY', 32100, 'Clinical', 'Health Psychology', 'An investigation of the psychological influences on health, illness, and the physical, behavioral, and cognitive adaptation to illness. The mind-body relationship is examined through topics including exercise, stress, weight control, pain management, meditation, coping styles, psycho-immunology, and behavioral habits.'),
	('PSY', 39028, 'Clinical', 'Intro to Clinical', 'This course is designed to provide  students  with a broad overview of clinical psychology, exploring contemporary roles of clinical psychologists. The  course will also emphasize the  integration of science and practice when solving problems of individuals, families, groups  and communities. To address these goals, students will be introduced to 1) different  methods of assessment and different approaches to the practice of treatment in clinical  psychology, 2) specialty areas within clinical psychology, and 3) education, training and  licensure requirements to become a clinical psychologist.'),
	('PSY', 39029, 'Clinical', 'Psychology of Trauma', 'This course will provide the student with an in-depth coverage of selected topics in the areas of victimization, exposure to trauma, and trauma recovery. In particular, the psychological and emotional effects of exposure to a variety of trauma types including interpersonal violence, war combat, natural disaster and others will be reviewed. The short- and long-term effects of exposure on both child and adult populations will be explored. Assessment, prevention and treatment techniques will be discussed. The characteristics and treatment of perpetrators of violence and trauma will be briefly touched upon.'),
	('PSY', 31500, 'Experimental', 'Psychology of Prejudice', 'This course, broadly defined, will discuss group perceptions and interactions from a social psychological perspective and specifically on stereotyping, prejudice, and discrimination. In this course, we will examine the roots and causes of such biases, the consequences and implications, as well as prejudice reduction efforts. These biases apply broadly to all lived experiences (e.g., race, ethnicity, gender, sexuality, ability, religion, etc.)'),
	('PSY', 32500, 'Experimental', 'Behavioral Neuroscience', 'This course examines the central nervous system, the development and function of nerve cells, and brain-behavior relationships. Topics include motivation, learning, sensation and perception, movement, emotions, and brain dysfunction.'),
	('PSY', 32600, 'Experimental', 'Sensation & Perception', 'This course covers the biology of the brain and sensory systems, both of which allow perceptual processing to occur. Our reality is based upon receiving sensory input and giving meaning to that input by translating incoming information into a focused perception of our environment. Each of us has our own personal reality. We will discuss the mechanisms behind our perceptual experiences, as well as the philosophical questions associated with both “normal” and “abnormal” functioning. This class primarily focuses on visual and auditory processing; however, we will also briefly explore other sensory systems and perceptual phenomena.'),
	('PSY', 33000, 'Experimental', 'Learning & Memory', 'This course investigates factors involved in acquiring and changing behaviors. Theories, models, and empirical findings in the field or learning and memory are explored.'),
	('PSY', 33100, 'Experimental', 'Cognitive Psychology', 'This course examines mental processes related to perception, attention, problem-solving, thinking, and decision making. Theories, concepts, and experimental methods in cognitive research are explored.'),
	('PSY', 33200, 'Experimental', 'Motivation & Emotion', 'An analysis of the major theories of motivation, the data on which they are based, and applications of motivation concepts.'),
	('PSY', 33400, 'Experimental', 'Social Psychology', 'This course examines the effect of the social situation on the individual. Topics include: self-perception, social cognition, social influence, attraction and relationships, attitude formation and persuasion, prejudice, and group behavior.'),
	('PSY', 21000, 'Developmental', 'Psychology of Parenting', 'Theories and research related to parenting are discussed, with a focus on their practical application. Topics include cultural influences on parenting, social expectations of parents, discipline, fostering healthy lifestyles for children, and parenting in special circumstances including divorce, work, foster families, and gay and lesbian parents.'),
	('PSY', 36500, 'Developmental', 'Human Sexuality', 'This course is a survey of theories and research on psychological aspects of human sexual behavior. Topics include male and female sexual development, psychological and cross-cultural perspectives on sexual behavior, sexual behavior in special populations, aberrant sexual patterns, and current sexual trends in America.'),
	('PSY', 15700, 'Elective', 'Psychology of Leadership', 'Students will learn about leadership theory, motivational theory, and emotional intelligence from a psychological perspective. The course will explore the knowledge base and skills necessary to be an effective leader in a variety of settings. Students will think critically about their own leadership abilities and examine their leadership skills and potential as they participate in self-assessments and leadership exercises. Lab fee may be required.'),
	('PSY', 18100, 'Elective', 'Cultural Psychology', 'This course introduces general theories and methods related to culture and diversity. Students learn about the role of culture in human development, examine social relationships, and explore how culture molds cognitive processes, perception, and morality. Students explore the bridge between cultural psychology and identity enabling them to evaluate key concepts including gain a better understanding about group identity formation, stereotyping, prejudice, stigma, and multiculturalism through a cross-cultural framework. Students utilize research methods and analytical techniques of culture psychology to critically examining the topics covered in the course. Lab fee may be required.'),
	('PSY', 21200, 'Elective', 'Japanese Culture, So, & Mind', 'This course is offered as a GE-HC:ForCul/HD course and delves into a variety of different aspects of Japanese culture, society, and mind from the traditional to the more modern. Some topic areas include customs, language, pop culture, holidays, etiquette, culture-envy, and philosophy. Emphasis is placed on anthropological, sociological, and psychological aspects of Japan and its people.'),
	('PSY', 21500, 'Elective', 'Careers in Psychology', 'This course orients students to the discipline of psychology. Topics include the role of research in the field, and the range of specialty fields within the discipline. Provides guidance in the use of APA style and library databases, and explores careers related to the major.'),
	('PSY', 23500, 'Elective', 'Death, Dying, Life, & Living', 'This course encourages students to consider and plan for the psychological, medical, ethical, legal, cultural, and financial aspects of death, as well as the role of death awareness in cultivating meaning and joy in life.'),
	('PSY', 45000, 'Elective', 'Psychology Practicum', 'This course provides opportunities for advanced students to explore applications of psychology in independently-arranged off-campus supervised practicum experiences. Practica require mastery of psychological concepts related to the designated situation. Repeatable at two different practicum sites but can only count as one elective in the general cluster.'),
	('PSY', 48000, 'Elective', 'Psych Research Lab', 'Students will plan, execute and report on a project in consultation with a faculty mentor. May be repeated for credit. This is an undergraduate research course.'),
	('PSY', 39012, 'Elective', 'Special Topics: Memory in the Media', 'Students will gain a deep understanding of human memory systems and the accuracy with which they are portrayed in the media. Course topics include amnesia, eyewitness testimony, dementia, and other memory phenomena. The course requires strong critical thinking, writing, and participation.'),
	('PSY', 39002, 'Elective', 'Childhood Disorders', 'This course is designed to provide students with an introduction to the field of abnormal child and adolescent psychology. In this course, we will study the causes, maintenance, and treatment of children`s behavioral, social-emotional, and cognitive disorders from a developmental perspective. This developmental perspective examines the course of child and adolescent disorders over time, pays special attention to risk and protective factors that influence developmental processes and trajectories, and examines child psychopathology in the context of normal child development.'),
	('PSY', 32400, 'Clinical', 'Psychological Testing', 'Examines mental measurement theory and the principles of reliability, validity, and standardization as related to the construction and interpretation of tests. Tests of achievement, aptitude, intelligence, interest, and personality are studied as illustrations of the problems of measurement and the variety of solutions to those problems. Ethics of test use receives special consideration.'),
	('PSY', 20500, 'Developmental', 'Human Development', 'An overview of human development from conception through death. This course provides an introduction to the study of lifespan development focusing on physical, cognitive, and social development.'),
	('PSY', 31100, 'Clinical', 'Behavior Modification', 'An exploration of environmental influences on human behavior, with an emphasis on behavior modification procedures and behavior management.'),
	('PSY', 20800, 'Developmental', 'Child Psychology', 'An introduction to factors influencing children`s social, emotional, motor, cognitive, and language development from conception to late childhood.'),
	('PSY', 30800, 'Elective', 'Psychology of Women and Gender', 'Explores the historical, biological, psychological, sociological, and multicultural factors that shape women`s lives and influence gender development and identity throughout the lifespan. Emphasis includes psychological research and theoretical frameworks that possibly explain gender similarities and differences. Also examines how gender impacts body image, victimization, physical and mental health, pregnancy and parenthood, achievement, and work experiences.'),
	('PSY', 31200, 'Developmental', 'Psychology of aging', 'Examines psychological development in later adulthood, emphasizing the internal and external influences on aging and the dynamics of continuity and change. Emotional, cognitive, and social functioning are addressed.'),
	('PSY', 31300, 'Developmental', 'Psychology of adolescence', 'A cultural approach to physical, intellectual, emotional, and social development during adolescence. Historical context and research are given special attention in studying the development of personal identity, changing roles in the family, school, and community, and problems of adjustment, delinquency, and drug abuse.');

insert into "public"."Mastery" ("mastery_name", "mastery_domain") values
	('Psychology', 'knowledge'),
	('Sociology and Anthropology', 'knowledge'),
	('Therapy and Counseling', 'knowledge'),
	('Reading Comprehension', 'skills'),
	('Active Listening', 'skills'),
	('Writing', 'skills'),
	('Speaking', 'skills'),
	('Science', 'skills'),
	('Critical Thinking', 'skills'),
	('Active Learning', 'skills'),
	('Learning Strategies', 'skills'),
	('Monitoring', 'skills'),
	('Social Perceptiveness', 'skills'),
	('Coordination', 'skills'),
	('Persuasion', 'skills'),
	('Negotiation', 'skills'),
	('Service Orientation', 'skills'),
	('Complex Problem Solving', 'skills'),
	('Time Management', 'skills'),
	('Judgment and Decision Making', 'skills'),
	('Mathematics', 'skills'),
	('Instructing', 'skills'),
	('Oral Comprehension', 'abilities'),
	('Written Comprehension', 'abilities'),
	('Oral Expression', 'abilities'),
	('Written Expression', 'abilities'),
	('Fluency of Ideas', 'abilities'),
	('Originality', 'abilities'),
	('Problem Sensitivity', 'abilities'),
	('Deductive Reasoning', 'abilities'),
	('Inductive Reasoning', 'abilities'),
	('Memorization', 'abilities'),
	('Selective Attention', 'abilities'),
	('Time Sharing', 'abilities'),
	('Speech Recognition', 'abilities'),
	('Speech Clarity', 'abilities'),
	('Speed of Closure', 'abilities'),
	('Mathematical Reasoning', 'abilities'),
	('Getting Information', 'work activities'),
	('Monitoring Processes, Materials, or Surroundings', 'work activities'),
	('Identifying Objects, Actions, and Events', 'work activities'),
	('Judging the Qualities of Objects, Services, or People', 'work activities'),
	('Evaluating Information to Determine Compliance with Standards', 'work activities'),
	('Analyzing Data or Information', 'work activities'),
	('Thinking Creatively', 'work activities'),
	('Updating and Using Relevant Knowledge', 'work activities'),
	('Developing Objectives and Strategies', 'work activities'),
	('Scheduling Work and Activities', 'work activities'),
	('Organizing, Planning, and Prioritizing Work', 'work activities'),
	('Working with Computers', 'work activities'),
	('Interpreting the Meaning of Information for Others', 'work activities'),
	('Communicating with Supervisors, Peers, or Subordinates', 'work activities'),
	('Establishing and Maintaining Interpersonal Relationships', 'work activities'),
	('Resolving Conflicts and Negotiating with Others', 'work activities'),
	('Coordinating the Work and Activities of Others', 'work activities'),
	('Developing and Building Teams', 'work activities'),
	('Coaching and Developing Others', 'work activities'),
	('Performing Administrative Activities', 'work activities'),
	('Documenting/Recording Information', 'work activities'),
	('Making Decisions and Solving Problems', 'work activities'),
	('Communicating with People Outside the Organization', 'work activities'),
	('Assisting and Caring for Others', 'work activities'),
	('Selling or Influencing Others', 'work activities'),
	('Guiding, Directing, and Motivating Subordinates', 'work activities'),
	('Training and Teaching Others', 'work activities'),
	('Providing Consultation and Advice to Others', 'work activities'),
	('Performing for or Working Directly with the Public', 'work activities'),
	('Staffing Organizational Units', 'work activities'),
	('Monitoring and Controlling Resources', 'work activities'),
	('Processing Information', 'work activities');

insert into "public"."Develops" ("mastery_name", "mastery_domain", "department", "course_code", "lv_rating") values
	('Sociology and Anthropology', 'knowledge', 'PSY', 10000, 1.4),
	('Psychology', 'knowledge', 'PSY', 10000, 3.5),
	('Therapy and Counseling', 'knowledge', 'PSY', 10000, 0.7),
	('Reading Comprehension', 'skills', 'PSY', 10000, 3.5),
	('Active Listening', 'skills', 'PSY', 10000, 3.5),
	('Writing', 'skills', 'PSY', 10000, 3.5),
	('Speaking', 'skills', 'PSY', 10000, 3.5),
	('Science', 'skills', 'PSY', 10000, 2.1),
	('Critical Thinking', 'skills', 'PSY', 10000, 2.1),
	('Active Learning', 'skills', 'PSY', 10000, 3.5),
	('Learning Strategies', 'skills', 'PSY', 10000, 1.4),
	('Monitoring', 'skills', 'PSY', 10000, 1.05),
	('Social Perceptiveness', 'skills', 'PSY', 10000, 1.4),
	('Coordination', 'skills', 'PSY', 10000, 1.05),
	('Persuasion', 'skills', 'PSY', 10000, 3.5),
	('Negotiation', 'skills', 'PSY', 10000, 2.1),
	('Service Orientation', 'skills', 'PSY', 10000, 2.8),
	('Complex Problem Solving', 'skills', 'PSY', 10000, 1.05),
	('Time Management', 'skills', 'PSY', 10000, 2.1),
	('Judgment and Decision Making', 'skills', 'PSY', 10000, 2.1),
	('Mathematics', 'skills', 'PSY', 10000, 0),
	('Instructing', 'skills', 'PSY', 10000, 0),
	('Oral Comprehension', 'abilities', 'PSY', 10000, 3.5),
	('Written Comprehension', 'abilities', 'PSY', 10000, 3.5),
	('Oral Expression', 'abilities', 'PSY', 10000, 4.9),
	('Written Expression', 'abilities', 'PSY', 10000, 3.5),
	('Fluency of Ideas', 'abilities', 'PSY', 10000, 1.4),
	('Originality', 'abilities', 'PSY', 10000, 1.05),
	('Problem Sensitivity', 'abilities', 'PSY', 10000, 0.7),
	('Deductive Reasoning', 'abilities', 'PSY', 10000, 0.7),
	('Inductive Reasoning', 'abilities', 'PSY', 10000, 1.05),
	('Mathematical Reasoning', 'abilities', 'PSY', 10000, 0),
	('Memorization', 'abilities', 'PSY', 10000, 2.1),
	('Speed of Closure', 'abilities', 'PSY', 10000, 1.05),
	('Selective Attention', 'abilities', 'PSY', 10000, 1.05),
	('Time Sharing', 'abilities', 'PSY', 10000, 1.05),
	('Speech Recognition', 'abilities', 'PSY', 10000, 3.5),
	('Speech Clarity', 'abilities', 'PSY', 10000, 3.5),
	('Getting Information', 'work activities', 'PSY', 10000, 1.05),
	('Monitoring Processes, Materials, or Surroundings', 'work activities', 'PSY', 10000, 0),
	('Identifying Objects, Actions, and Events', 'work activities', 'PSY', 10000, 0),
	('Judging the Qualities of Objects, Services, or People', 'work activities', 'PSY', 10000, 1.05),
	('Evaluating Information to Determine Compliance with Standards', 'work activities', 'PSY', 10000, 0),
	('Analyzing Data or Information', 'work activities', 'PSY', 10000, 0),
	('Thinking Creatively', 'work activities', 'PSY', 10000, 1.4),
	('Updating and Using Relevant Knowledge', 'work activities', 'PSY', 10000, 0.7),
	('Developing Objectives and Strategies', 'work activities', 'PSY', 10000, 1.05),
	('Scheduling Work and Activities', 'work activities', 'PSY', 10000, 1.05),
	('Organizing, Planning, and Prioritizing Work', 'work activities', 'PSY', 10000, 1.4),
	('Working with Computers', 'work activities', 'PSY', 10000, 0),
	('Interpreting the Meaning of Information for Others', 'work activities', 'PSY', 10000, 0),
	('Communicating with Supervisors, Peers, or Subordinates', 'work activities', 'PSY', 10000, 1.4),
	('Establishing and Maintaining Interpersonal Relationships', 'work activities', 'PSY', 10000, 1.4),
	('Resolving Conflicts and Negotiating with Others', 'work activities', 'PSY', 10000, 1.4),
	('Coordinating the Work and Activities of Others', 'work activities', 'PSY', 10000, 1.05),
	('Developing and Building Teams', 'work activities', 'PSY', 10000, 1.4),
	('Coaching and Developing Others', 'work activities', 'PSY', 10000, 0),
	('Performing Administrative Activities', 'work activities', 'PSY', 10000, 0),
	('Documenting/Recording Information', 'work activities', 'PSY', 10000, 0),
	('Making Decisions and Solving Problems', 'work activities', 'PSY', 10000, 1.4),
	('Communicating with People Outside the Organization', 'work activities', 'PSY', 10000, 1.05),
	('Assisting and Caring for Others', 'work activities', 'PSY', 10000, 0),
	('Selling or Influencing Others', 'work activities', 'PSY', 10000, 1.05),
	('Guiding, Directing, and Motivating Subordinates', 'work activities', 'PSY', 10000, 0),
	('Training and Teaching Others', 'work activities', 'PSY', 10000, 0),
	('Providing Consultation and Advice to Others', 'work activities', 'PSY', 10000, 0),
	('Performing for or Working Directly with the Public', 'work activities', 'PSY', 10000, 1.05),
	('Staffing Organizational Units', 'work activities', 'PSY', 10000, 0),
	('Monitoring and Controlling Resources', 'work activities', 'PSY', 10000, 0),
	('Processing Information', 'work activities', 'PSY', 10000, 0),
	('Sociology and Anthropology', 'knowledge', 'PSY', 15700, 2.8),
	('Psychology', 'knowledge', 'PSY', 15700, 4.97),
	('Therapy and Counseling', 'knowledge', 'PSY', 15700, 0),
	('Reading Comprehension', 'skills', 'PSY', 15700, 4.97),
	('Active Listening', 'skills', 'PSY', 15700, 4.2),
	('Writing', 'skills', 'PSY', 15700, 4.9),
	('Speaking', 'skills', 'PSY', 15700, 4.2),
	('Science', 'skills', 'PSY', 15700, 3.5),
	('Critical Thinking', 'skills', 'PSY', 15700, 4.9),
	('Active Learning', 'skills', 'PSY', 15700, 4.55),
	('Learning Strategies', 'skills', 'PSY', 15700, 2.8),
	('Monitoring', 'skills', 'PSY', 15700, 5.25),
	('Social Perceptiveness', 'skills', 'PSY', 15700, 3.5),
	('Coordination', 'skills', 'PSY', 15700, 3.5),
	('Persuasion', 'skills', 'PSY', 15700, 4.2),
	('Negotiation', 'skills', 'PSY', 15700, 0),
	('Service Orientation', 'skills', 'PSY', 15700, 4.97),
	('Complex Problem Solving', 'skills', 'PSY', 15700, 3.99),
	('Time Management', 'skills', 'PSY', 15700, 5.53),
	('Judgment and Decision Making', 'skills', 'PSY', 15700, 4.2),
	('Mathematics', 'skills', 'PSY', 15700, 0),
	('Instructing', 'skills', 'PSY', 15700, 0),
	('Oral Comprehension', 'abilities', 'PSY', 15700, 4.9),
	('Written Comprehension', 'abilities', 'PSY', 15700, 5.6),
	('Oral Expression', 'abilities', 'PSY', 15700, 4.2),
	('Written Expression', 'abilities', 'PSY', 15700, 4.76),
	('Fluency of Ideas', 'abilities', 'PSY', 15700, 3.64),
	('Originality', 'abilities', 'PSY', 15700, 3.85),
	('Problem Sensitivity', 'abilities', 'PSY', 15700, 4.76),
	('Deductive Reasoning', 'abilities', 'PSY', 15700, 5.04),
	('Inductive Reasoning', 'abilities', 'PSY', 15700, 3.92),
	('Mathematical Reasoning', 'abilities', 'PSY', 15700, 0),
	('Memorization', 'abilities', 'PSY', 15700, 3.57),
	('Speed of Closure', 'abilities', 'PSY', 15700, 3.71),
	('Selective Attention', 'abilities', 'PSY', 15700, 3.92),
	('Time Sharing', 'abilities', 'PSY', 15700, 0),
	('Speech Recognition', 'abilities', 'PSY', 15700, 0),
	('Speech Clarity', 'abilities', 'PSY', 15700, 4.9),
	('Getting Information', 'work activities', 'PSY', 15700, 4.41),
	('Monitoring Processes, Materials, or Surroundings', 'work activities', 'PSY', 15700, 4.41),
	('Identifying Objects, Actions, and Events', 'work activities', 'PSY', 15700, 4.41),
	('Judging the Qualities of Objects, Services, or People', 'work activities', 'PSY', 15700, 4.13),
	('Evaluating Information to Determine Compliance with Standards', 'work activities', 'PSY', 15700, 4.55),
	('Analyzing Data or Information', 'work activities', 'PSY', 15700, 4.55),
	('Thinking Creatively', 'work activities', 'PSY', 15700, 4.48),
	('Updating and Using Relevant Knowledge', 'work activities', 'PSY', 15700, 4.34),
	('Developing Objectives and Strategies', 'work activities', 'PSY', 15700, 3.43),
	('Scheduling Work and Activities', 'work activities', 'PSY', 15700, 4.9),
	('Organizing, Planning, and Prioritizing Work', 'work activities', 'PSY', 15700, 2.94),
	('Working with Computers', 'work activities', 'PSY', 15700, 0),
	('Interpreting the Meaning of Information for Others', 'work activities', 'PSY', 15700, 4.69),
	('Communicating with Supervisors, Peers, or Subordinates', 'work activities', 'PSY', 15700, 4.41),
	('Establishing and Maintaining Interpersonal Relationships', 'work activities', 'PSY', 15700, 3.99),
	('Resolving Conflicts and Negotiating with Others', 'work activities', 'PSY', 15700, 0),
	('Coordinating the Work and Activities of Others', 'work activities', 'PSY', 15700, 4.83),
	('Developing and Building Teams', 'work activities', 'PSY', 15700, 4.06),
	('Coaching and Developing Others', 'work activities', 'PSY', 15700, 4.62),
	('Performing Administrative Activities', 'work activities', 'PSY', 15700, 3.36),
	('Documenting/Recording Information', 'work activities', 'PSY', 15700, 3.36),
	('Making Decisions and Solving Problems', 'work activities', 'PSY', 15700, 4.06),
	('Communicating with People Outside the Organization', 'work activities', 'PSY', 15700, 4.48),
	('Assisting and Caring for Others', 'work activities', 'PSY', 15700, 0),
	('Selling or Influencing Others', 'work activities', 'PSY', 15700, 0),
	('Guiding, Directing, and Motivating Subordinates', 'work activities', 'PSY', 15700, 0),
	('Training and Teaching Others', 'work activities', 'PSY', 15700, 4.34),
	('Providing Consultation and Advice to Others', 'work activities', 'PSY', 15700, 3.92),
	('Performing for or Working Directly with the Public', 'work activities', 'PSY', 15700, 3.85),
	('Staffing Organizational Units', 'work activities', 'PSY', 15700, 0),
	('Monitoring and Controlling Resources', 'work activities', 'PSY', 15700, 0),
	('Processing Information', 'work activities', 'PSY', 15700, 4.13),
	('Sociology and Anthropology', 'knowledge', 'PSY', 18100, 2.8),
	('Psychology', 'knowledge', 'PSY', 18100, 2.1),
	('Therapy and Counseling', 'knowledge', 'PSY', 18100, 0),
	('Reading Comprehension', 'skills', 'PSY', 18100, 4.9),
	('Active Listening', 'skills', 'PSY', 18100, 6.3),
	('Writing', 'skills', 'PSY', 18100, 4.9),
	('Speaking', 'skills', 'PSY', 18100, 5.6),
	('Science', 'skills', 'PSY', 18100, 0),
	('Critical Thinking', 'skills', 'PSY', 18100, 2.1),
	('Active Learning', 'skills', 'PSY', 18100, 0),
	('Learning Strategies', 'skills', 'PSY', 18100, 2.1),
	('Monitoring', 'skills', 'PSY', 18100, 2.1),
	('Social Perceptiveness', 'skills', 'PSY', 18100, 3.5),
	('Coordination', 'skills', 'PSY', 18100, 1.4),
	('Persuasion', 'skills', 'PSY', 18100, 2.1),
	('Negotiation', 'skills', 'PSY', 18100, 2.1),
	('Service Orientation', 'skills', 'PSY', 18100, 0.7),
	('Complex Problem Solving', 'skills', 'PSY', 18100, 0.7),
	('Time Management', 'skills', 'PSY', 18100, 5.95),
	('Judgment and Decision Making', 'skills', 'PSY', 18100, 1.4),
	('Mathematics', 'skills', 'PSY', 18100, 0),
	('Instructing', 'skills', 'PSY', 18100, 0),
	('Oral Comprehension', 'abilities', 'PSY', 18100, 5.25),
	('Written Comprehension', 'abilities', 'PSY', 18100, 4.9),
	('Oral Expression', 'abilities', 'PSY', 18100, 4.9),
	('Written Expression', 'abilities', 'PSY', 18100, 4.9),
	('Fluency of Ideas', 'abilities', 'PSY', 18100, 1.75),
	('Originality', 'abilities', 'PSY', 18100, 0),
	('Problem Sensitivity', 'abilities', 'PSY', 18100, 0),
	('Deductive Reasoning', 'abilities', 'PSY', 18100, 2.8),
	('Inductive Reasoning', 'abilities', 'PSY', 18100, 2.8),
	('Mathematical Reasoning', 'abilities', 'PSY', 18100, 0),
	('Memorization', 'abilities', 'PSY', 18100, 1.4),
	('Speed of Closure', 'abilities', 'PSY', 18100, 0),
	('Selective Attention', 'abilities', 'PSY', 18100, 2.1),
	('Time Sharing', 'abilities', 'PSY', 18100, 0),
	('Speech Recognition', 'abilities', 'PSY', 18100, 4.9),
	('Speech Clarity', 'abilities', 'PSY', 18100, 5.6),
	('Getting Information', 'work activities', 'PSY', 18100, 4.9),
	('Monitoring Processes, Materials, or Surroundings', 'work activities', 'PSY', 18100, 4.9),
	('Identifying Objects, Actions, and Events', 'work activities', 'PSY', 18100, 4.9),
	('Judging the Qualities of Objects, Services, or People', 'work activities', 'PSY', 18100, 3.5),
	('Evaluating Information to Determine Compliance with Standards', 'work activities', 'PSY', 18100, 0),
	('Analyzing Data or Information', 'work activities', 'PSY', 18100, 0),
	('Thinking Creatively', 'work activities', 'PSY', 18100, 0),
	('Updating and Using Relevant Knowledge', 'work activities', 'PSY', 18100, 0),
	('Developing Objectives and Strategies', 'work activities', 'PSY', 18100, 2.1),
	('Scheduling Work and Activities', 'work activities', 'PSY', 18100, 0),
	('Organizing, Planning, and Prioritizing Work', 'work activities', 'PSY', 18100, 3.5),
	('Working with Computers', 'work activities', 'PSY', 18100, 0),
	('Interpreting the Meaning of Information for Others', 'work activities', 'PSY', 18100, 2.8),
	('Communicating with Supervisors, Peers, or Subordinates', 'work activities', 'PSY', 18100, 1.4),
	('Establishing and Maintaining Interpersonal Relationships', 'work activities', 'PSY', 18100, 0.35),
	('Resolving Conflicts and Negotiating with Others', 'work activities', 'PSY', 18100, 0),
	('Coordinating the Work and Activities of Others', 'work activities', 'PSY', 18100, 0),
	('Developing and Building Teams', 'work activities', 'PSY', 18100, 0),
	('Coaching and Developing Others', 'work activities', 'PSY', 18100, 0),
	('Performing Administrative Activities', 'work activities', 'PSY', 18100, 0),
	('Documenting/Recording Information', 'work activities', 'PSY', 18100, 4.9),
	('Making Decisions and Solving Problems', 'work activities', 'PSY', 18100, 0),
	('Communicating with People Outside the Organization', 'work activities', 'PSY', 18100, 0),
	('Assisting and Caring for Others', 'work activities', 'PSY', 18100, 0),
	('Selling or Influencing Others', 'work activities', 'PSY', 18100, 3.5),
	('Guiding, Directing, and Motivating Subordinates', 'work activities', 'PSY', 18100, 0),
	('Training and Teaching Others', 'work activities', 'PSY', 18100, 1.4),
	('Providing Consultation and Advice to Others', 'work activities', 'PSY', 18100, 0),
	('Performing for or Working Directly with the Public', 'work activities', 'PSY', 18100, 0),
	('Staffing Organizational Units', 'work activities', 'PSY', 18100, 0),
	('Monitoring and Controlling Resources', 'work activities', 'PSY', 18100, 0),
	('Processing Information', 'work activities', 'PSY', 18100, 0),
	('Sociology and Anthropology', 'knowledge', 'PSY', 20500, 3.5),
	('Psychology', 'knowledge', 'PSY', 20500, 4.2),
	('Therapy and Counseling', 'knowledge', 'PSY', 20500, 1.4),
	('Reading Comprehension', 'skills', 'PSY', 20500, 5.6),
	('Active Listening', 'skills', 'PSY', 20500, 5.25),
	('Writing', 'skills', 'PSY', 20500, 4.2),
	('Speaking', 'skills', 'PSY', 20500, 1.4),
	('Science', 'skills', 'PSY', 20500, 4.9),
	('Critical Thinking', 'skills', 'PSY', 20500, 4.2),
	('Active Learning', 'skills', 'PSY', 20500, 4.2),
	('Learning Strategies', 'skills', 'PSY', 20500, 2.8),
	('Monitoring', 'skills', 'PSY', 20500, 3.5),
	('Social Perceptiveness', 'skills', 'PSY', 20500, 2.8),
	('Coordination', 'skills', 'PSY', 20500, 0),
	('Persuasion', 'skills', 'PSY', 20500, 0),
	('Negotiation', 'skills', 'PSY', 20500, 0),
	('Service Orientation', 'skills', 'PSY', 20500, 3.5),
	('Complex Problem Solving', 'skills', 'PSY', 20500, 3.5),
	('Time Management', 'skills', 'PSY', 20500, 3.5),
	('Judgment and Decision Making', 'skills', 'PSY', 20500, 0),
	('Mathematics', 'skills', 'PSY', 20500, 0),
	('Instructing', 'skills', 'PSY', 20500, 0),
	('Oral Comprehension', 'abilities', 'PSY', 20500, 7),
	('Written Comprehension', 'abilities', 'PSY', 20500, 7),
	('Oral Expression', 'abilities', 'PSY', 20500, 5.6),
	('Written Expression', 'abilities', 'PSY', 20500, 5.6),
	('Fluency of Ideas', 'abilities', 'PSY', 20500, 4.2),
	('Originality', 'abilities', 'PSY', 20500, 0),
	('Problem Sensitivity', 'abilities', 'PSY', 20500, 2.8),
	('Deductive Reasoning', 'abilities', 'PSY', 20500, 3.5),
	('Inductive Reasoning', 'abilities', 'PSY', 20500, 4.9),
	('Mathematical Reasoning', 'abilities', 'PSY', 20500, 1.4),
	('Memorization', 'abilities', 'PSY', 20500, 7),
	('Speed of Closure', 'abilities', 'PSY', 20500, 5.6),
	('Selective Attention', 'abilities', 'PSY', 20500, 4.9),
	('Time Sharing', 'abilities', 'PSY', 20500, 4.9),
	('Speech Recognition', 'abilities', 'PSY', 20500, 4.9),
	('Speech Clarity', 'abilities', 'PSY', 20500, 2.1),
	('Getting Information', 'work activities', 'PSY', 20500, 4.9),
	('Monitoring Processes, Materials, or Surroundings', 'work activities', 'PSY', 20500, 0),
	('Identifying Objects, Actions, and Events', 'work activities', 'PSY', 20500, 0),
	('Judging the Qualities of Objects, Services, or People', 'work activities', 'PSY', 20500, 0),
	('Evaluating Information to Determine Compliance with Standards', 'work activities', 'PSY', 20500, 0),
	('Analyzing Data or Information', 'work activities', 'PSY', 20500, 4.9),
	('Thinking Creatively', 'work activities', 'PSY', 20500, 3.5),
	('Updating and Using Relevant Knowledge', 'work activities', 'PSY', 20500, 0),
	('Developing Objectives and Strategies', 'work activities', 'PSY', 20500, 0),
	('Scheduling Work and Activities', 'work activities', 'PSY', 20500, 0),
	('Organizing, Planning, and Prioritizing Work', 'work activities', 'PSY', 20500, 4.2),
	('Working with Computers', 'work activities', 'PSY', 20500, 0),
	('Interpreting the Meaning of Information for Others', 'work activities', 'PSY', 20500, 0),
	('Communicating with Supervisors, Peers, or Subordinates', 'work activities', 'PSY', 20500, 2.1),
	('Establishing and Maintaining Interpersonal Relationships', 'work activities', 'PSY', 20500, 1.4),
	('Resolving Conflicts and Negotiating with Others', 'work activities', 'PSY', 20500, 0),
	('Coordinating the Work and Activities of Others', 'work activities', 'PSY', 20500, 0),
	('Developing and Building Teams', 'work activities', 'PSY', 20500, 0),
	('Coaching and Developing Others', 'work activities', 'PSY', 20500, 0),
	('Performing Administrative Activities', 'work activities', 'PSY', 20500, 0),
	('Documenting/Recording Information', 'work activities', 'PSY', 20500, 3.5),
	('Making Decisions and Solving Problems', 'work activities', 'PSY', 20500, 0),
	('Communicating with People Outside the Organization', 'work activities', 'PSY', 20500, 3.5),
	('Assisting and Caring for Others', 'work activities', 'PSY', 20500, 0),
	('Selling or Influencing Others', 'work activities', 'PSY', 20500, 0),
	('Guiding, Directing, and Motivating Subordinates', 'work activities', 'PSY', 20500, 0),
	('Training and Teaching Others', 'work activities', 'PSY', 20500, 0),
	('Providing Consultation and Advice to Others', 'work activities', 'PSY', 20500, 0),
	('Performing for or Working Directly with the Public', 'work activities', 'PSY', 20500, 0),
	('Staffing Organizational Units', 'work activities', 'PSY', 20500, 0),
	('Monitoring and Controlling Resources', 'work activities', 'PSY', 20500, 0),
	('Processing Information', 'work activities', 'PSY', 20500, 1.4),
	('Sociology and Anthropology', 'knowledge', 'PSY', 20800, 0),
	('Psychology', 'knowledge', 'PSY', 20800, 4.97),
	('Therapy and Counseling', 'knowledge', 'PSY', 20800, 0),
	('Reading Comprehension', 'skills', 'PSY', 20800, 5.74),
	('Active Listening', 'skills', 'PSY', 20800, 4.9),
	('Writing', 'skills', 'PSY', 20800, 4.9),
	('Speaking', 'skills', 'PSY', 20800, 4.97),
	('Science', 'skills', 'PSY', 20800, 5.67),
	('Critical Thinking', 'skills', 'PSY', 20800, 5.04),
	('Active Learning', 'skills', 'PSY', 20800, 5.6),
	('Learning Strategies', 'skills', 'PSY', 20800, 3.64),
	('Monitoring', 'skills', 'PSY', 20800, 2.87),
	('Social Perceptiveness', 'skills', 'PSY', 20800, 3.71),
	('Coordination', 'skills', 'PSY', 20800, 1.4),
	('Persuasion', 'skills', 'PSY', 20800, 0),
	('Negotiation', 'skills', 'PSY', 20800, 0),
	('Service Orientation', 'skills', 'PSY', 20800, 3.5),
	('Complex Problem Solving', 'skills', 'PSY', 20800, 4.97),
	('Time Management', 'skills', 'PSY', 20800, 4.97),
	('Judgment and Decision Making', 'skills', 'PSY', 20800, 4.97),
	('Mathematics', 'skills', 'PSY', 20800, 4.2),
	('Instructing', 'skills', 'PSY', 20800, 2.03),
	('Oral Comprehension', 'abilities', 'PSY', 20800, 5.04),
	('Written Comprehension', 'abilities', 'PSY', 20800, 4.69),
	('Oral Expression', 'abilities', 'PSY', 20800, 4.83),
	('Written Expression', 'abilities', 'PSY', 20800, 4.83),
	('Fluency of Ideas', 'abilities', 'PSY', 20800, 5.25),
	('Originality', 'abilities', 'PSY', 20800, 4.62),
	('Problem Sensitivity', 'abilities', 'PSY', 20800, 0),
	('Deductive Reasoning', 'abilities', 'PSY', 20800, 5.11),
	('Inductive Reasoning', 'abilities', 'PSY', 20800, 4.9),
	('Mathematical Reasoning', 'abilities', 'PSY', 20800, 0),
	('Memorization', 'abilities', 'PSY', 20800, 4.83),
	('Speed of Closure', 'abilities', 'PSY', 20800, 4.76),
	('Selective Attention', 'abilities', 'PSY', 20800, 4.41),
	('Time Sharing', 'abilities', 'PSY', 20800, 4.76),
	('Speech Recognition', 'abilities', 'PSY', 20800, 4.76),
	('Speech Clarity', 'abilities', 'PSY', 20800, 4.62),
	('Getting Information', 'work activities', 'PSY', 20800, 2.8),
	('Monitoring Processes, Materials, or Surroundings', 'work activities', 'PSY', 20800, 4.13),
	('Identifying Objects, Actions, and Events', 'work activities', 'PSY', 20800, 4.27),
	('Judging the Qualities of Objects, Services, or People', 'work activities', 'PSY', 20800, 4.55),
	('Evaluating Information to Determine Compliance with Standards', 'work activities', 'PSY', 20800, 4.97),
	('Analyzing Data or Information', 'work activities', 'PSY', 20800, 4.62),
	('Thinking Creatively', 'work activities', 'PSY', 20800, 4.27),
	('Updating and Using Relevant Knowledge', 'work activities', 'PSY', 20800, 4.2),
	('Developing Objectives and Strategies', 'work activities', 'PSY', 20800, 0),
	('Scheduling Work and Activities', 'work activities', 'PSY', 20800, 4.41),
	('Organizing, Planning, and Prioritizing Work', 'work activities', 'PSY', 20800, 5.6),
	('Working with Computers', 'work activities', 'PSY', 20800, 5.81),
	('Interpreting the Meaning of Information for Others', 'work activities', 'PSY', 20800, 5.04),
	('Communicating with Supervisors, Peers, or Subordinates', 'work activities', 'PSY', 20800, 4.9),
	('Establishing and Maintaining Interpersonal Relationships', 'work activities', 'PSY', 20800, 5.25),
	('Resolving Conflicts and Negotiating with Others', 'work activities', 'PSY', 20800, 0),
	('Coordinating the Work and Activities of Others', 'work activities', 'PSY', 20800, 0),
	('Developing and Building Teams', 'work activities', 'PSY', 20800, 0),
	('Coaching and Developing Others', 'work activities', 'PSY', 20800, 0),
	('Performing Administrative Activities', 'work activities', 'PSY', 20800, 1.54),
	('Documenting/Recording Information', 'work activities', 'PSY', 20800, 1.89),
	('Making Decisions and Solving Problems', 'work activities', 'PSY', 20800, 4.34),
	('Communicating with People Outside the Organization', 'work activities', 'PSY', 20800, 0),
	('Assisting and Caring for Others', 'work activities', 'PSY', 20800, 0),
	('Selling or Influencing Others', 'work activities', 'PSY', 20800, 0),
	('Guiding, Directing, and Motivating Subordinates', 'work activities', 'PSY', 20800, 0),
	('Training and Teaching Others', 'work activities', 'PSY', 20800, 0),
	('Providing Consultation and Advice to Others', 'work activities', 'PSY', 20800, 0),
	('Performing for or Working Directly with the Public', 'work activities', 'PSY', 20800, 0),
	('Staffing Organizational Units', 'work activities', 'PSY', 20800, 0),
	('Monitoring and Controlling Resources', 'work activities', 'PSY', 20800, 0),
	('Processing Information', 'work activities', 'PSY', 20800, 6.02),
	('Sociology and Anthropology', 'knowledge', 'PSY', 21000, 2.1),
	('Psychology', 'knowledge', 'PSY', 21000, 4.2),
	('Therapy and Counseling', 'knowledge', 'PSY', 21000, 0),
	('Reading Comprehension', 'skills', 'PSY', 21000, 3.5),
	('Active Listening', 'skills', 'PSY', 21000, 0),
	('Writing', 'skills', 'PSY', 21000, 4.27),
	('Speaking', 'skills', 'PSY', 21000, 0),
	('Science', 'skills', 'PSY', 21000, 2.1),
	('Critical Thinking', 'skills', 'PSY', 21000, 3.5),
	('Active Learning', 'skills', 'PSY', 21000, 2.1),
	('Learning Strategies', 'skills', 'PSY', 21000, 2.1),
	('Monitoring', 'skills', 'PSY', 21000, 3.5),
	('Social Perceptiveness', 'skills', 'PSY', 21000, 4.55),
	('Coordination', 'skills', 'PSY', 21000, 0),
	('Persuasion', 'skills', 'PSY', 21000, 4.2),
	('Negotiation', 'skills', 'PSY', 21000, 0),
	('Service Orientation', 'skills', 'PSY', 21000, 2.8),
	('Complex Problem Solving', 'skills', 'PSY', 21000, 3.5),
	('Time Management', 'skills', 'PSY', 21000, 4.2),
	('Judgment and Decision Making', 'skills', 'PSY', 21000, 4.2),
	('Mathematics', 'skills', 'PSY', 21000, 0),
	('Instructing', 'skills', 'PSY', 21000, 4.2),
	('Oral Comprehension', 'abilities', 'PSY', 21000, 4.9),
	('Written Comprehension', 'abilities', 'PSY', 21000, 4.2),
	('Oral Expression', 'abilities', 'PSY', 21000, 4.9),
	('Written Expression', 'abilities', 'PSY', 21000, 4.9),
	('Fluency of Ideas', 'abilities', 'PSY', 21000, 4.55),
	('Originality', 'abilities', 'PSY', 21000, 0),
	('Problem Sensitivity', 'abilities', 'PSY', 21000, 4.2),
	('Deductive Reasoning', 'abilities', 'PSY', 21000, 4.2),
	('Inductive Reasoning', 'abilities', 'PSY', 21000, 4.2),
	('Mathematical Reasoning', 'abilities', 'PSY', 21000, 0),
	('Memorization', 'abilities', 'PSY', 21000, 4.2),
	('Speed of Closure', 'abilities', 'PSY', 21000, 4.2),
	('Selective Attention', 'abilities', 'PSY', 21000, 4.2),
	('Time Sharing', 'abilities', 'PSY', 21000, 3.5),
	('Speech Recognition', 'abilities', 'PSY', 21000, 3.5),
	('Speech Clarity', 'abilities', 'PSY', 21000, 0),
	('Getting Information', 'work activities', 'PSY', 21000, 5.25),
	('Monitoring Processes, Materials, or Surroundings', 'work activities', 'PSY', 21000, 4.2),
	('Identifying Objects, Actions, and Events', 'work activities', 'PSY', 21000, 5.25),
	('Judging the Qualities of Objects, Services, or People', 'work activities', 'PSY', 21000, 5.25),
	('Evaluating Information to Determine Compliance with Standards', 'work activities', 'PSY', 21000, 4.9),
	('Analyzing Data or Information', 'work activities', 'PSY', 21000, 5.25),
	('Thinking Creatively', 'work activities', 'PSY', 21000, 0),
	('Updating and Using Relevant Knowledge', 'work activities', 'PSY', 21000, 5.25),
	('Developing Objectives and Strategies', 'work activities', 'PSY', 21000, 5.25),
	('Scheduling Work and Activities', 'work activities', 'PSY', 21000, 5.25),
	('Organizing, Planning, and Prioritizing Work', 'work activities', 'PSY', 21000, 5.25),
	('Working with Computers', 'work activities', 'PSY', 21000, 0),
	('Interpreting the Meaning of Information for Others', 'work activities', 'PSY', 21000, 5.25),
	('Communicating with Supervisors, Peers, or Subordinates', 'work activities', 'PSY', 21000, 6.3),
	('Establishing and Maintaining Interpersonal Relationships', 'work activities', 'PSY', 21000, 5.25),
	('Resolving Conflicts and Negotiating with Others', 'work activities', 'PSY', 21000, 0),
	('Coordinating the Work and Activities of Others', 'work activities', 'PSY', 21000, 0),
	('Developing and Building Teams', 'work activities', 'PSY', 21000, 0),
	('Coaching and Developing Others', 'work activities', 'PSY', 21000, 4.2),
	('Performing Administrative Activities', 'work activities', 'PSY', 21000, 5.25),
	('Documenting/Recording Information', 'work activities', 'PSY', 21000, 5.25),
	('Making Decisions and Solving Problems', 'work activities', 'PSY', 21000, 5.25),
	('Communicating with People Outside the Organization', 'work activities', 'PSY', 21000, 4.2),
	('Assisting and Caring for Others', 'work activities', 'PSY', 21000, 5.25),
	('Selling or Influencing Others', 'work activities', 'PSY', 21000, 5.25),
	('Guiding, Directing, and Motivating Subordinates', 'work activities', 'PSY', 21000, 0),
	('Training and Teaching Others', 'work activities', 'PSY', 21000, 0),
	('Providing Consultation and Advice to Others', 'work activities', 'PSY', 21000, 5.6),
	('Performing for or Working Directly with the Public', 'work activities', 'PSY', 21000, 0),
	('Staffing Organizational Units', 'work activities', 'PSY', 21000, 0),
	('Monitoring and Controlling Resources', 'work activities', 'PSY', 21000, 0),
	('Processing Information', 'work activities', 'PSY', 21000, 0),
	('Sociology and Anthropology', 'knowledge', 'PSY', 21200, 4.9),
	('Psychology', 'knowledge', 'PSY', 21200, 2.1),
	('Therapy and Counseling', 'knowledge', 'PSY', 21200, 0),
	('Reading Comprehension', 'skills', 'PSY', 21200, 4.9),
	('Active Listening', 'skills', 'PSY', 21200, 5.6),
	('Writing', 'skills', 'PSY', 21200, 4.9),
	('Speaking', 'skills', 'PSY', 21200, 5.6),
	('Science', 'skills', 'PSY', 21200, 0),
	('Critical Thinking', 'skills', 'PSY', 21200, 2.1),
	('Active Learning', 'skills', 'PSY', 21200, 2.1),
	('Learning Strategies', 'skills', 'PSY', 21200, 0),
	('Monitoring', 'skills', 'PSY', 21200, 2.1),
	('Social Perceptiveness', 'skills', 'PSY', 21200, 4.2),
	('Coordination', 'skills', 'PSY', 21200, 0),
	('Persuasion', 'skills', 'PSY', 21200, 0),
	('Negotiation', 'skills', 'PSY', 21200, 0),
	('Service Orientation', 'skills', 'PSY', 21200, 0),
	('Complex Problem Solving', 'skills', 'PSY', 21200, 0),
	('Time Management', 'skills', 'PSY', 21200, 2.1),
	('Judgment and Decision Making', 'skills', 'PSY', 21200, 0),
	('Mathematics', 'skills', 'PSY', 21200, 0),
	('Instructing', 'skills', 'PSY', 21200, 0),
	('Oral Comprehension', 'abilities', 'PSY', 21200, 4.9),
	('Written Comprehension', 'abilities', 'PSY', 21200, 4.9),
	('Oral Expression', 'abilities', 'PSY', 21200, 4.9),
	('Written Expression', 'abilities', 'PSY', 21200, 4.9),
	('Fluency of Ideas', 'abilities', 'PSY', 21200, 1.4),
	('Originality', 'abilities', 'PSY', 21200, 1.4),
	('Problem Sensitivity', 'abilities', 'PSY', 21200, 0),
	('Deductive Reasoning', 'abilities', 'PSY', 21200, 2.1),
	('Inductive Reasoning', 'abilities', 'PSY', 21200, 2.1),
	('Mathematical Reasoning', 'abilities', 'PSY', 21200, 0),
	('Memorization', 'abilities', 'PSY', 21200, 2.1),
	('Speed of Closure', 'abilities', 'PSY', 21200, 1.4),
	('Selective Attention', 'abilities', 'PSY', 21200, 0),
	('Time Sharing', 'abilities', 'PSY', 21200, 0),
	('Speech Recognition', 'abilities', 'PSY', 21200, 3.5),
	('Speech Clarity', 'abilities', 'PSY', 21200, 4.9),
	('Getting Information', 'work activities', 'PSY', 21200, 4.9),
	('Monitoring Processes, Materials, or Surroundings', 'work activities', 'PSY', 21200, 2.1),
	('Identifying Objects, Actions, and Events', 'work activities', 'PSY', 21200, 2.1),
	('Judging the Qualities of Objects, Services, or People', 'work activities', 'PSY', 21200, 2.1),
	('Evaluating Information to Determine Compliance with Standards', 'work activities', 'PSY', 21200, 0),
	('Analyzing Data or Information', 'work activities', 'PSY', 21200, 0),
	('Thinking Creatively', 'work activities', 'PSY', 21200, 0),
	('Updating and Using Relevant Knowledge', 'work activities', 'PSY', 21200, 0),
	('Developing Objectives and Strategies', 'work activities', 'PSY', 21200, 0),
	('Scheduling Work and Activities', 'work activities', 'PSY', 21200, 0.7),
	('Organizing, Planning, and Prioritizing Work', 'work activities', 'PSY', 21200, 1.4),
	('Working with Computers', 'work activities', 'PSY', 21200, 0),
	('Interpreting the Meaning of Information for Others', 'work activities', 'PSY', 21200, 1.4),
	('Communicating with Supervisors, Peers, or Subordinates', 'work activities', 'PSY', 21200, 4.9),
	('Establishing and Maintaining Interpersonal Relationships', 'work activities', 'PSY', 21200, 2.1),
	('Resolving Conflicts and Negotiating with Others', 'work activities', 'PSY', 21200, 0),
	('Coordinating the Work and Activities of Others', 'work activities', 'PSY', 21200, 0),
	('Developing and Building Teams', 'work activities', 'PSY', 21200, 0),
	('Coaching and Developing Others', 'work activities', 'PSY', 21200, 0),
	('Performing Administrative Activities', 'work activities', 'PSY', 21200, 1.4),
	('Documenting/Recording Information', 'work activities', 'PSY', 21200, 2.1),
	('Making Decisions and Solving Problems', 'work activities', 'PSY', 21200, 0),
	('Communicating with People Outside the Organization', 'work activities', 'PSY', 21200, 0),
	('Assisting and Caring for Others', 'work activities', 'PSY', 21200, 0),
	('Selling or Influencing Others', 'work activities', 'PSY', 21200, 0),
	('Guiding, Directing, and Motivating Subordinates', 'work activities', 'PSY', 21200, 0),
	('Training and Teaching Others', 'work activities', 'PSY', 21200, 0),
	('Providing Consultation and Advice to Others', 'work activities', 'PSY', 21200, 0),
	('Performing for or Working Directly with the Public', 'work activities', 'PSY', 21200, 0),
	('Staffing Organizational Units', 'work activities', 'PSY', 21200, 0),
	('Monitoring and Controlling Resources', 'work activities', 'PSY', 21200, 0),
	('Processing Information', 'work activities', 'PSY', 21200, 0),
	('Sociology and Anthropology', 'knowledge', 'PSY', 21500, 0),
	('Psychology', 'knowledge', 'PSY', 21500, 0),
	('Therapy and Counseling', 'knowledge', 'PSY', 21500, 3.5),
	('Reading Comprehension', 'skills', 'PSY', 21500, 4.9),
	('Active Listening', 'skills', 'PSY', 21500, 4.9),
	('Writing', 'skills', 'PSY', 21500, 4.9),
	('Speaking', 'skills', 'PSY', 21500, 4.9),
	('Science', 'skills', 'PSY', 21500, 0),
	('Critical Thinking', 'skills', 'PSY', 21500, 0),
	('Active Learning', 'skills', 'PSY', 21500, 0),
	('Learning Strategies', 'skills', 'PSY', 21500, 0),
	('Monitoring', 'skills', 'PSY', 21500, 4.9),
	('Social Perceptiveness', 'skills', 'PSY', 21500, 4.2),
	('Coordination', 'skills', 'PSY', 21500, 0),
	('Persuasion', 'skills', 'PSY', 21500, 4.9),
	('Negotiation', 'skills', 'PSY', 21500, 4.9),
	('Service Orientation', 'skills', 'PSY', 21500, 4.9),
	('Complex Problem Solving', 'skills', 'PSY', 21500, 0),
	('Time Management', 'skills', 'PSY', 21500, 5.6),
	('Judgment and Decision Making', 'skills', 'PSY', 21500, 4.2),
	('Mathematics', 'skills', 'PSY', 21500, 0),
	('Instructing', 'skills', 'PSY', 21500, 0),
	('Oral Comprehension', 'abilities', 'PSY', 21500, 4.9),
	('Written Comprehension', 'abilities', 'PSY', 21500, 4.9),
	('Oral Expression', 'abilities', 'PSY', 21500, 4.9),
	('Written Expression', 'abilities', 'PSY', 21500, 4.9),
	('Fluency of Ideas', 'abilities', 'PSY', 21500, 0),
	('Originality', 'abilities', 'PSY', 21500, 0),
	('Problem Sensitivity', 'abilities', 'PSY', 21500, 0),
	('Deductive Reasoning', 'abilities', 'PSY', 21500, 4.9),
	('Inductive Reasoning', 'abilities', 'PSY', 21500, 4.9),
	('Mathematical Reasoning', 'abilities', 'PSY', 21500, 0),
	('Memorization', 'abilities', 'PSY', 21500, 0),
	('Speed of Closure', 'abilities', 'PSY', 21500, 0),
	('Selective Attention', 'abilities', 'PSY', 21500, 4.9),
	('Time Sharing', 'abilities', 'PSY', 21500, 0),
	('Speech Recognition', 'abilities', 'PSY', 21500, 0),
	('Speech Clarity', 'abilities', 'PSY', 21500, 0),
	('Getting Information', 'work activities', 'PSY', 21500, 5.6),
	('Monitoring Processes, Materials, or Surroundings', 'work activities', 'PSY', 21500, 4.9),
	('Identifying Objects, Actions, and Events', 'work activities', 'PSY', 21500, 4.9),
	('Judging the Qualities of Objects, Services, or People', 'work activities', 'PSY', 21500, 5.6),
	('Evaluating Information to Determine Compliance with Standards', 'work activities', 'PSY', 21500, 4.2),
	('Analyzing Data or Information', 'work activities', 'PSY', 21500, 0),
	('Thinking Creatively', 'work activities', 'PSY', 21500, 0),
	('Updating and Using Relevant Knowledge', 'work activities', 'PSY', 21500, 5.6),
	('Developing Objectives and Strategies', 'work activities', 'PSY', 21500, 5.6),
	('Scheduling Work and Activities', 'work activities', 'PSY', 21500, 5.6),
	('Organizing, Planning, and Prioritizing Work', 'work activities', 'PSY', 21500, 5.6),
	('Working with Computers', 'work activities', 'PSY', 21500, 5.6),
	('Interpreting the Meaning of Information for Others', 'work activities', 'PSY', 21500, 4.2),
	('Communicating with Supervisors, Peers, or Subordinates', 'work activities', 'PSY', 21500, 4.2),
	('Establishing and Maintaining Interpersonal Relationships', 'work activities', 'PSY', 21500, 4.2),
	('Resolving Conflicts and Negotiating with Others', 'work activities', 'PSY', 21500, 4.2),
	('Coordinating the Work and Activities of Others', 'work activities', 'PSY', 21500, 0),
	('Developing and Building Teams', 'work activities', 'PSY', 21500, 0),
	('Coaching and Developing Others', 'work activities', 'PSY', 21500, 4.2),
	('Performing Administrative Activities', 'work activities', 'PSY', 21500, 4.9),
	('Documenting/Recording Information', 'work activities', 'PSY', 21500, 4.9),
	('Making Decisions and Solving Problems', 'work activities', 'PSY', 21500, 0),
	('Communicating with People Outside the Organization', 'work activities', 'PSY', 21500, 4.9),
	('Assisting and Caring for Others', 'work activities', 'PSY', 21500, 0),
	('Selling or Influencing Others', 'work activities', 'PSY', 21500, 0),
	('Guiding, Directing, and Motivating Subordinates', 'work activities', 'PSY', 21500, 0),
	('Training and Teaching Others', 'work activities', 'PSY', 21500, 0),
	('Providing Consultation and Advice to Others', 'work activities', 'PSY', 21500, 0),
	('Performing for or Working Directly with the Public', 'work activities', 'PSY', 21500, 4.9),
	('Staffing Organizational Units', 'work activities', 'PSY', 21500, 3.5),
	('Monitoring and Controlling Resources', 'work activities', 'PSY', 21500, 0),
	('Processing Information', 'work activities', 'PSY', 21500, 0),
	('Sociology and Anthropology', 'knowledge', 'PSY', 23500, 4.2),
	('Psychology', 'knowledge', 'PSY', 23500, 4.2),
	('Therapy and Counseling', 'knowledge', 'PSY', 23500, 3.5),
	('Reading Comprehension', 'skills', 'PSY', 23500, 4.9),
	('Active Listening', 'skills', 'PSY', 23500, 0),
	('Writing', 'skills', 'PSY', 23500, 4.9),
	('Speaking', 'skills', 'PSY', 23500, 4.9),
	('Science', 'skills', 'PSY', 23500, 0),
	('Critical Thinking', 'skills', 'PSY', 23500, 0),
	('Active Learning', 'skills', 'PSY', 23500, 0),
	('Learning Strategies', 'skills', 'PSY', 23500, 0),
	('Monitoring', 'skills', 'PSY', 23500, 4.9),
	('Social Perceptiveness', 'skills', 'PSY', 23500, 5.6),
	('Coordination', 'skills', 'PSY', 23500, 4.9),
	('Persuasion', 'skills', 'PSY', 23500, 0),
	('Negotiation', 'skills', 'PSY', 23500, 0),
	('Service Orientation', 'skills', 'PSY', 23500, 4.2),
	('Complex Problem Solving', 'skills', 'PSY', 23500, 0),
	('Time Management', 'skills', 'PSY', 23500, 4.9),
	('Judgment and Decision Making', 'skills', 'PSY', 23500, 4.2),
	('Mathematics', 'skills', 'PSY', 23500, 0),
	('Instructing', 'skills', 'PSY', 23500, 0),
	('Oral Comprehension', 'abilities', 'PSY', 23500, 4.9),
	('Written Comprehension', 'abilities', 'PSY', 23500, 4.9),
	('Oral Expression', 'abilities', 'PSY', 23500, 4.9),
	('Written Expression', 'abilities', 'PSY', 23500, 4.9),
	('Fluency of Ideas', 'abilities', 'PSY', 23500, 0),
	('Originality', 'abilities', 'PSY', 23500, 0),
	('Problem Sensitivity', 'abilities', 'PSY', 23500, 4.2),
	('Deductive Reasoning', 'abilities', 'PSY', 23500, 4.2),
	('Inductive Reasoning', 'abilities', 'PSY', 23500, 4.2),
	('Mathematical Reasoning', 'abilities', 'PSY', 23500, 0),
	('Memorization', 'abilities', 'PSY', 23500, 0),
	('Speed of Closure', 'abilities', 'PSY', 23500, 0),
	('Selective Attention', 'abilities', 'PSY', 23500, 4.2),
	('Time Sharing', 'abilities', 'PSY', 23500, 0),
	('Speech Recognition', 'abilities', 'PSY', 23500, 0),
	('Speech Clarity', 'abilities', 'PSY', 23500, 0),
	('Getting Information', 'work activities', 'PSY', 23500, 4.9),
	('Monitoring Processes, Materials, or Surroundings', 'work activities', 'PSY', 23500, 4.2),
	('Identifying Objects, Actions, and Events', 'work activities', 'PSY', 23500, 4.2),
	('Judging the Qualities of Objects, Services, or People', 'work activities', 'PSY', 23500, 4.9),
	('Evaluating Information to Determine Compliance with Standards', 'work activities', 'PSY', 23500, 4.2),
	('Analyzing Data or Information', 'work activities', 'PSY', 23500, 0),
	('Thinking Creatively', 'work activities', 'PSY', 23500, 0),
	('Updating and Using Relevant Knowledge', 'work activities', 'PSY', 23500, 4.9),
	('Developing Objectives and Strategies', 'work activities', 'PSY', 23500, 4.9),
	('Scheduling Work and Activities', 'work activities', 'PSY', 23500, 0),
	('Organizing, Planning, and Prioritizing Work', 'work activities', 'PSY', 23500, 0),
	('Working with Computers', 'work activities', 'PSY', 23500, 4.9),
	('Interpreting the Meaning of Information for Others', 'work activities', 'PSY', 23500, 4.9),
	('Communicating with Supervisors, Peers, or Subordinates', 'work activities', 'PSY', 23500, 4.9),
	('Establishing and Maintaining Interpersonal Relationships', 'work activities', 'PSY', 23500, 4.9),
	('Resolving Conflicts and Negotiating with Others', 'work activities', 'PSY', 23500, 0),
	('Coordinating the Work and Activities of Others', 'work activities', 'PSY', 23500, 0),
	('Developing and Building Teams', 'work activities', 'PSY', 23500, 0),
	('Coaching and Developing Others', 'work activities', 'PSY', 23500, 0),
	('Performing Administrative Activities', 'work activities', 'PSY', 23500, 4.9),
	('Documenting/Recording Information', 'work activities', 'PSY', 23500, 4.9),
	('Making Decisions and Solving Problems', 'work activities', 'PSY', 23500, 4.9),
	('Communicating with People Outside the Organization', 'work activities', 'PSY', 23500, 4.9),
	('Assisting and Caring for Others', 'work activities', 'PSY', 23500, 5.6),
	('Selling or Influencing Others', 'work activities', 'PSY', 23500, 0),
	('Guiding, Directing, and Motivating Subordinates', 'work activities', 'PSY', 23500, 0),
	('Training and Teaching Others', 'work activities', 'PSY', 23500, 4.9),
	('Providing Consultation and Advice to Others', 'work activities', 'PSY', 23500, 4.9),
	('Performing for or Working Directly with the Public', 'work activities', 'PSY', 23500, 4.9),
	('Staffing Organizational Units', 'work activities', 'PSY', 23500, 0),
	('Monitoring and Controlling Resources', 'work activities', 'PSY', 23500, 0),
	('Processing Information', 'work activities', 'PSY', 23500, 0),
	('Sociology and Anthropology', 'knowledge', 'PSY', 30300, 3.5),
	('Psychology', 'knowledge', 'PSY', 30300, 4.2),
	('Therapy and Counseling', 'knowledge', 'PSY', 30300, 3.5),
	('Reading Comprehension', 'skills', 'PSY', 30300, 4.2),
	('Active Listening', 'skills', 'PSY', 30300, 0),
	('Writing', 'skills', 'PSY', 30300, 3.85),
	('Speaking', 'skills', 'PSY', 30300, 0),
	('Science', 'skills', 'PSY', 30300, 0),
	('Critical Thinking', 'skills', 'PSY', 30300, 4.2),
	('Active Learning', 'skills', 'PSY', 30300, 4.2),
	('Learning Strategies', 'skills', 'PSY', 30300, 0),
	('Monitoring', 'skills', 'PSY', 30300, 0),
	('Social Perceptiveness', 'skills', 'PSY', 30300, 4.9),
	('Coordination', 'skills', 'PSY', 30300, 3.5),
	('Persuasion', 'skills', 'PSY', 30300, 0),
	('Negotiation', 'skills', 'PSY', 30300, 0),
	('Service Orientation', 'skills', 'PSY', 30300, 3.5),
	('Complex Problem Solving', 'skills', 'PSY', 30300, 3.5),
	('Time Management', 'skills', 'PSY', 30300, 0),
	('Judgment and Decision Making', 'skills', 'PSY', 30300, 0),
	('Mathematics', 'skills', 'PSY', 30300, 0),
	('Instructing', 'skills', 'PSY', 30300, 0),
	('Oral Comprehension', 'abilities', 'PSY', 30300, 4.2),
	('Written Comprehension', 'abilities', 'PSY', 30300, 4.9),
	('Oral Expression', 'abilities', 'PSY', 30300, 0),
	('Written Expression', 'abilities', 'PSY', 30300, 4.9),
	('Fluency of Ideas', 'abilities', 'PSY', 30300, 0),
	('Originality', 'abilities', 'PSY', 30300, 0),
	('Problem Sensitivity', 'abilities', 'PSY', 30300, 4.2),
	('Deductive Reasoning', 'abilities', 'PSY', 30300, 4.9),
	('Inductive Reasoning', 'abilities', 'PSY', 30300, 4.9),
	('Mathematical Reasoning', 'abilities', 'PSY', 30300, 3.5),
	('Memorization', 'abilities', 'PSY', 30300, 3.5),
	('Speed of Closure', 'abilities', 'PSY', 30300, 0),
	('Selective Attention', 'abilities', 'PSY', 30300, 0),
	('Time Sharing', 'abilities', 'PSY', 30300, 0),
	('Speech Recognition', 'abilities', 'PSY', 30300, 0),
	('Speech Clarity', 'abilities', 'PSY', 30300, 0),
	('Getting Information', 'work activities', 'PSY', 30300, 4.55),
	('Monitoring Processes, Materials, or Surroundings', 'work activities', 'PSY', 30300, 4.2),
	('Identifying Objects, Actions, and Events', 'work activities', 'PSY', 30300, 4.2),
	('Judging the Qualities of Objects, Services, or People', 'work activities', 'PSY', 30300, 4.9),
	('Evaluating Information to Determine Compliance with Standards', 'work activities', 'PSY', 30300, 4.55),
	('Analyzing Data or Information', 'work activities', 'PSY', 30300, 0),
	('Thinking Creatively', 'work activities', 'PSY', 30300, 0),
	('Updating and Using Relevant Knowledge', 'work activities', 'PSY', 30300, 4.9),
	('Developing Objectives and Strategies', 'work activities', 'PSY', 30300, 3.5),
	('Scheduling Work and Activities', 'work activities', 'PSY', 30300, 0),
	('Organizing, Planning, and Prioritizing Work', 'work activities', 'PSY', 30300, 3.5),
	('Working with Computers', 'work activities', 'PSY', 30300, 4.2),
	('Interpreting the Meaning of Information for Others', 'work activities', 'PSY', 30300, 0),
	('Communicating with Supervisors, Peers, or Subordinates', 'work activities', 'PSY', 30300, 0),
	('Establishing and Maintaining Interpersonal Relationships', 'work activities', 'PSY', 30300, 4.2),
	('Resolving Conflicts and Negotiating with Others', 'work activities', 'PSY', 30300, 0),
	('Coordinating the Work and Activities of Others', 'work activities', 'PSY', 30300, 0),
	('Developing and Building Teams', 'work activities', 'PSY', 30300, 0),
	('Coaching and Developing Others', 'work activities', 'PSY', 30300, 0),
	('Performing Administrative Activities', 'work activities', 'PSY', 30300, 4.2),
	('Documenting/Recording Information', 'work activities', 'PSY', 30300, 4.2),
	('Making Decisions and Solving Problems', 'work activities', 'PSY', 30300, 4.2),
	('Communicating with People Outside the Organization', 'work activities', 'PSY', 30300, 0),
	('Assisting and Caring for Others', 'work activities', 'PSY', 30300, 4.9),
	('Selling or Influencing Others', 'work activities', 'PSY', 30300, 0),
	('Guiding, Directing, and Motivating Subordinates', 'work activities', 'PSY', 30300, 0),
	('Training and Teaching Others', 'work activities', 'PSY', 30300, 0),
	('Providing Consultation and Advice to Others', 'work activities', 'PSY', 30300, 3.5),
	('Performing for or Working Directly with the Public', 'work activities', 'PSY', 30300, 3.5),
	('Staffing Organizational Units', 'work activities', 'PSY', 30300, 0),
	('Monitoring and Controlling Resources', 'work activities', 'PSY', 30300, 0),
	('Processing Information', 'work activities', 'PSY', 30300, 0),
	('Sociology and Anthropology', 'knowledge', 'PSY', 30400, 0),
	('Psychology', 'knowledge', 'PSY', 30400, 4.55),
	('Therapy and Counseling', 'knowledge', 'PSY', 30400, 0),
	('Reading Comprehension', 'skills', 'PSY', 30400, 5.95),
	('Active Listening', 'skills', 'PSY', 30400, 2.8),
	('Writing', 'skills', 'PSY', 30400, 4.9),
	('Speaking', 'skills', 'PSY', 30400, 2.8),
	('Science', 'skills', 'PSY', 30400, 3.5),
	('Critical Thinking', 'skills', 'PSY', 30400, 4.27),
	('Active Learning', 'skills', 'PSY', 30400, 4.2),
	('Learning Strategies', 'skills', 'PSY', 30400, 4.2),
	('Monitoring', 'skills', 'PSY', 30400, 4.2),
	('Social Perceptiveness', 'skills', 'PSY', 30400, 3.99),
	('Coordination', 'skills', 'PSY', 30400, 4.9),
	('Persuasion', 'skills', 'PSY', 30400, 0),
	('Negotiation', 'skills', 'PSY', 30400, 2.1),
	('Service Orientation', 'skills', 'PSY', 30400, 0),
	('Complex Problem Solving', 'skills', 'PSY', 30400, 3.99),
	('Time Management', 'skills', 'PSY', 30400, 4.2),
	('Judgment and Decision Making', 'skills', 'PSY', 30400, 2.8),
	('Mathematics', 'skills', 'PSY', 30400, 3.5),
	('Instructing', 'skills', 'PSY', 30400, 3.99),
	('Oral Comprehension', 'abilities', 'PSY', 30400, 4.9),
	('Written Comprehension', 'abilities', 'PSY', 30400, 5.25),
	('Oral Expression', 'abilities', 'PSY', 30400, 4.9),
	('Written Expression', 'abilities', 'PSY', 30400, 4.2),
	('Fluency of Ideas', 'abilities', 'PSY', 30400, 5.25),
	('Originality', 'abilities', 'PSY', 30400, 4.2),
	('Problem Sensitivity', 'abilities', 'PSY', 30400, 3.5),
	('Deductive Reasoning', 'abilities', 'PSY', 30400, 3.5),
	('Inductive Reasoning', 'abilities', 'PSY', 30400, 4.2),
	('Mathematical Reasoning', 'abilities', 'PSY', 30400, 1.4),
	('Memorization', 'abilities', 'PSY', 30400, 4.2),
	('Speed of Closure', 'abilities', 'PSY', 30400, 3.99),
	('Selective Attention', 'abilities', 'PSY', 30400, 3.5),
	('Time Sharing', 'abilities', 'PSY', 30400, 0),
	('Speech Recognition', 'abilities', 'PSY', 30400, 5.6),
	('Speech Clarity', 'abilities', 'PSY', 30400, 4.9),
	('Getting Information', 'work activities', 'PSY', 30400, 4.9),
	('Monitoring Processes, Materials, or Surroundings', 'work activities', 'PSY', 30400, 0),
	('Identifying Objects, Actions, and Events', 'work activities', 'PSY', 30400, 2.1),
	('Judging the Qualities of Objects, Services, or People', 'work activities', 'PSY', 30400, 0),
	('Evaluating Information to Determine Compliance with Standards', 'work activities', 'PSY', 30400, 2.1),
	('Analyzing Data or Information', 'work activities', 'PSY', 30400, 2.8),
	('Thinking Creatively', 'work activities', 'PSY', 30400, 3.5),
	('Updating and Using Relevant Knowledge', 'work activities', 'PSY', 30400, 3.99),
	('Developing Objectives and Strategies', 'work activities', 'PSY', 30400, 2.8),
	('Scheduling Work and Activities', 'work activities', 'PSY', 30400, 4.2),
	('Organizing, Planning, and Prioritizing Work', 'work activities', 'PSY', 30400, 4.9),
	('Working with Computers', 'work activities', 'PSY', 30400, 2.24),
	('Interpreting the Meaning of Information for Others', 'work activities', 'PSY', 30400, 2.31),
	('Communicating with Supervisors, Peers, or Subordinates', 'work activities', 'PSY', 30400, 4.2),
	('Establishing and Maintaining Interpersonal Relationships', 'work activities', 'PSY', 30400, 3.99),
	('Resolving Conflicts and Negotiating with Others', 'work activities', 'PSY', 30400, 0),
	('Coordinating the Work and Activities of Others', 'work activities', 'PSY', 30400, 4.9),
	('Developing and Building Teams', 'work activities', 'PSY', 30400, 2.1),
	('Coaching and Developing Others', 'work activities', 'PSY', 30400, 3.5),
	('Performing Administrative Activities', 'work activities', 'PSY', 30400, 3.22),
	('Documenting/Recording Information', 'work activities', 'PSY', 30400, 3.22),
	('Making Decisions and Solving Problems', 'work activities', 'PSY', 30400, 2.1),
	('Communicating with People Outside the Organization', 'work activities', 'PSY', 30400, 0),
	('Assisting and Caring for Others', 'work activities', 'PSY', 30400, 2.17),
	('Selling or Influencing Others', 'work activities', 'PSY', 30400, 0),
	('Guiding, Directing, and Motivating Subordinates', 'work activities', 'PSY', 30400, 1.4),
	('Training and Teaching Others', 'work activities', 'PSY', 30400, 2.1),
	('Providing Consultation and Advice to Others', 'work activities', 'PSY', 30400, 0),
	('Performing for or Working Directly with the Public', 'work activities', 'PSY', 30400, 0),
	('Staffing Organizational Units', 'work activities', 'PSY', 30400, 0),
	('Monitoring and Controlling Resources', 'work activities', 'PSY', 30400, 0),
	('Processing Information', 'work activities', 'PSY', 30400, 4.2),
	('Sociology and Anthropology', 'knowledge', 'PSY', 30600, 4.2),
	('Psychology', 'knowledge', 'PSY', 30600, 4.2),
	('Therapy and Counseling', 'knowledge', 'PSY', 30600, 0),
	('Reading Comprehension', 'skills', 'PSY', 30600, 6.3),
	('Active Listening', 'skills', 'PSY', 30600, 3.5),
	('Writing', 'skills', 'PSY', 30600, 3.85),
	('Speaking', 'skills', 'PSY', 30600, 4.2),
	('Science', 'skills', 'PSY', 30600, 5.6),
	('Critical Thinking', 'skills', 'PSY', 30600, 3.5),
	('Active Learning', 'skills', 'PSY', 30600, 4.2),
	('Learning Strategies', 'skills', 'PSY', 30600, 3.5),
	('Monitoring', 'skills', 'PSY', 30600, 3.5),
	('Social Perceptiveness', 'skills', 'PSY', 30600, 0),
	('Coordination', 'skills', 'PSY', 30600, 0),
	('Persuasion', 'skills', 'PSY', 30600, 1.75),
	('Negotiation', 'skills', 'PSY', 30600, 0),
	('Service Orientation', 'skills', 'PSY', 30600, 0),
	('Complex Problem Solving', 'skills', 'PSY', 30600, 0),
	('Time Management', 'skills', 'PSY', 30600, 3.85),
	('Judgment and Decision Making', 'skills', 'PSY', 30600, 3.85),
	('Mathematics', 'skills', 'PSY', 30600, 5.6),
	('Instructing', 'skills', 'PSY', 30600, 0),
	('Oral Comprehension', 'abilities', 'PSY', 30600, 6.65),
	('Written Comprehension', 'abilities', 'PSY', 30600, 6.65),
	('Oral Expression', 'abilities', 'PSY', 30600, 5.25),
	('Written Expression', 'abilities', 'PSY', 30600, 3.85),
	('Fluency of Ideas', 'abilities', 'PSY', 30600, 0),
	('Originality', 'abilities', 'PSY', 30600, 0),
	('Problem Sensitivity', 'abilities', 'PSY', 30600, 5.25),
	('Deductive Reasoning', 'abilities', 'PSY', 30600, 4.9),
	('Inductive Reasoning', 'abilities', 'PSY', 30600, 4.9),
	('Mathematical Reasoning', 'abilities', 'PSY', 30600, 5.39),
	('Memorization', 'abilities', 'PSY', 30600, 4.9),
	('Speed of Closure', 'abilities', 'PSY', 30600, 3.5),
	('Selective Attention', 'abilities', 'PSY', 30600, 3.15),
	('Time Sharing', 'abilities', 'PSY', 30600, 0),
	('Speech Recognition', 'abilities', 'PSY', 30600, 0),
	('Speech Clarity', 'abilities', 'PSY', 30600, 0),
	('Getting Information', 'work activities', 'PSY', 30600, 3.5),
	('Monitoring Processes, Materials, or Surroundings', 'work activities', 'PSY', 30600, 0),
	('Identifying Objects, Actions, and Events', 'work activities', 'PSY', 30600, 3.85),
	('Judging the Qualities of Objects, Services, or People', 'work activities', 'PSY', 30600, 2.45),
	('Evaluating Information to Determine Compliance with Standards', 'work activities', 'PSY', 30600, 0.7),
	('Analyzing Data or Information', 'work activities', 'PSY', 30600, 3.5),
	('Thinking Creatively', 'work activities', 'PSY', 30600, 0),
	('Updating and Using Relevant Knowledge', 'work activities', 'PSY', 30600, 0),
	('Developing Objectives and Strategies', 'work activities', 'PSY', 30600, 0),
	('Scheduling Work and Activities', 'work activities', 'PSY', 30600, 0.7),
	('Organizing, Planning, and Prioritizing Work', 'work activities', 'PSY', 30600, 0.7),
	('Working with Computers', 'work activities', 'PSY', 30600, 3.15),
	('Interpreting the Meaning of Information for Others', 'work activities', 'PSY', 30600, 2.45),
	('Communicating with Supervisors, Peers, or Subordinates', 'work activities', 'PSY', 30600, 0),
	('Establishing and Maintaining Interpersonal Relationships', 'work activities', 'PSY', 30600, 0),
	('Resolving Conflicts and Negotiating with Others', 'work activities', 'PSY', 30600, 0),
	('Coordinating the Work and Activities of Others', 'work activities', 'PSY', 30600, 0),
	('Developing and Building Teams', 'work activities', 'PSY', 30600, 0),
	('Coaching and Developing Others', 'work activities', 'PSY', 30600, 0),
	('Performing Administrative Activities', 'work activities', 'PSY', 30600, 0.7),
	('Documenting/Recording Information', 'work activities', 'PSY', 30600, 1.05),
	('Making Decisions and Solving Problems', 'work activities', 'PSY', 30600, 4.62),
	('Communicating with People Outside the Organization', 'work activities', 'PSY', 30600, 0),
	('Assisting and Caring for Others', 'work activities', 'PSY', 30600, 0),
	('Selling or Influencing Others', 'work activities', 'PSY', 30600, 0),
	('Guiding, Directing, and Motivating Subordinates', 'work activities', 'PSY', 30600, 0),
	('Training and Teaching Others', 'work activities', 'PSY', 30600, 0),
	('Providing Consultation and Advice to Others', 'work activities', 'PSY', 30600, 0.7),
	('Performing for or Working Directly with the Public', 'work activities', 'PSY', 30600, 0),
	('Staffing Organizational Units', 'work activities', 'PSY', 30600, 0),
	('Monitoring and Controlling Resources', 'work activities', 'PSY', 30600, 0),
	('Processing Information', 'work activities', 'PSY', 30600, 5.6),
	('Sociology and Anthropology', 'knowledge', 'PSY', 30800, 0),
	('Psychology', 'knowledge', 'PSY', 30800, 5.6),
	('Therapy and Counseling', 'knowledge', 'PSY', 30800, 0),
	('Reading Comprehension', 'skills', 'PSY', 30800, 5.95),
	('Active Listening', 'skills', 'PSY', 30800, 5.53),
	('Writing', 'skills', 'PSY', 30800, 5.74),
	('Speaking', 'skills', 'PSY', 30800, 5.95),
	('Science', 'skills', 'PSY', 30800, 5.81),
	('Critical Thinking', 'skills', 'PSY', 30800, 6.09),
	('Active Learning', 'skills', 'PSY', 30800, 6.23),
	('Learning Strategies', 'skills', 'PSY', 30800, 5.6),
	('Monitoring', 'skills', 'PSY', 30800, 0),
	('Social Perceptiveness', 'skills', 'PSY', 30800, 5.18),
	('Coordination', 'skills', 'PSY', 30800, 4.97),
	('Persuasion', 'skills', 'PSY', 30800, 0),
	('Negotiation', 'skills', 'PSY', 30800, 0),
	('Service Orientation', 'skills', 'PSY', 30800, 5.25),
	('Complex Problem Solving', 'skills', 'PSY', 30800, 5.32),
	('Time Management', 'skills', 'PSY', 30800, 5.04),
	('Judgment and Decision Making', 'skills', 'PSY', 30800, 5.39),
	('Mathematics', 'skills', 'PSY', 30800, 0),
	('Instructing', 'skills', 'PSY', 30800, 4.62),
	('Oral Comprehension', 'abilities', 'PSY', 30800, 6.16),
	('Written Comprehension', 'abilities', 'PSY', 30800, 6.23),
	('Oral Expression', 'abilities', 'PSY', 30800, 5.32),
	('Written Expression', 'abilities', 'PSY', 30800, 5.32),
	('Fluency of Ideas', 'abilities', 'PSY', 30800, 5.39),
	('Originality', 'abilities', 'PSY', 30800, 6.02),
	('Problem Sensitivity', 'abilities', 'PSY', 30800, 4.97),
	('Deductive Reasoning', 'abilities', 'PSY', 30800, 5.67),
	('Inductive Reasoning', 'abilities', 'PSY', 30800, 6.3),
	('Mathematical Reasoning', 'abilities', 'PSY', 30800, 2.66),
	('Memorization', 'abilities', 'PSY', 30800, 5.74),
	('Speed of Closure', 'abilities', 'PSY', 30800, 5.67),
	('Selective Attention', 'abilities', 'PSY', 30800, 5.39),
	('Time Sharing', 'abilities', 'PSY', 30800, 5.6),
	('Speech Recognition', 'abilities', 'PSY', 30800, 5.81),
	('Speech Clarity', 'abilities', 'PSY', 30800, 5.53),
	('Getting Information', 'work activities', 'PSY', 30800, 5.39),
	('Monitoring Processes, Materials, or Surroundings', 'work activities', 'PSY', 30800, 5.6),
	('Identifying Objects, Actions, and Events', 'work activities', 'PSY', 30800, 4.97),
	('Judging the Qualities of Objects, Services, or People', 'work activities', 'PSY', 30800, 4.34),
	('Evaluating Information to Determine Compliance with Standards', 'work activities', 'PSY', 30800, 4.06),
	('Analyzing Data or Information', 'work activities', 'PSY', 30800, 4.76),
	('Thinking Creatively', 'work activities', 'PSY', 30800, 6.3),
	('Updating and Using Relevant Knowledge', 'work activities', 'PSY', 30800, 5.04),
	('Developing Objectives and Strategies', 'work activities', 'PSY', 30800, 3.29),
	('Scheduling Work and Activities', 'work activities', 'PSY', 30800, 4.97),
	('Organizing, Planning, and Prioritizing Work', 'work activities', 'PSY', 30800, 5.04),
	('Working with Computers', 'work activities', 'PSY', 30800, 3.78),
	('Interpreting the Meaning of Information for Others', 'work activities', 'PSY', 30800, 4.97),
	('Communicating with Supervisors, Peers, or Subordinates', 'work activities', 'PSY', 30800, 3.08),
	('Establishing and Maintaining Interpersonal Relationships', 'work activities', 'PSY', 30800, 5.46),
	('Resolving Conflicts and Negotiating with Others', 'work activities', 'PSY', 30800, 3.78),
	('Coordinating the Work and Activities of Others', 'work activities', 'PSY', 30800, 0),
	('Developing and Building Teams', 'work activities', 'PSY', 30800, 3.99),
	('Coaching and Developing Others', 'work activities', 'PSY', 30800, 0),
	('Performing Administrative Activities', 'work activities', 'PSY', 30800, 0),
	('Documenting/Recording Information', 'work activities', 'PSY', 30800, 0),
	('Making Decisions and Solving Problems', 'work activities', 'PSY', 30800, 4.97),
	('Communicating with People Outside the Organization', 'work activities', 'PSY', 30800, 0),
	('Assisting and Caring for Others', 'work activities', 'PSY', 30800, 0),
	('Selling or Influencing Others', 'work activities', 'PSY', 30800, 0),
	('Guiding, Directing, and Motivating Subordinates', 'work activities', 'PSY', 30800, 0),
	('Training and Teaching Others', 'work activities', 'PSY', 30800, 2.03),
	('Providing Consultation and Advice to Others', 'work activities', 'PSY', 30800, 2.52),
	('Performing for or Working Directly with the Public', 'work activities', 'PSY', 30800, 0),
	('Staffing Organizational Units', 'work activities', 'PSY', 30800, 0),
	('Monitoring and Controlling Resources', 'work activities', 'PSY', 30800, 0),
	('Processing Information', 'work activities', 'PSY', 30800, 5.67),
	('Sociology and Anthropology', 'knowledge', 'PSY', 30900, 2.1),
	('Psychology', 'knowledge', 'PSY', 30900, 4.9),
	('Therapy and Counseling', 'knowledge', 'PSY', 30900, 2.8),
	('Reading Comprehension', 'skills', 'PSY', 30900, 5.6),
	('Active Listening', 'skills', 'PSY', 30900, 0),
	('Writing', 'skills', 'PSY', 30900, 4.2),
	('Speaking', 'skills', 'PSY', 30900, 2.8),
	('Science', 'skills', 'PSY', 30900, 2.87),
	('Critical Thinking', 'skills', 'PSY', 30900, 3.15),
	('Active Learning', 'skills', 'PSY', 30900, 3.15),
	('Learning Strategies', 'skills', 'PSY', 30900, 0),
	('Monitoring', 'skills', 'PSY', 30900, 3.5),
	('Social Perceptiveness', 'skills', 'PSY', 30900, 4.2),
	('Coordination', 'skills', 'PSY', 30900, 0),
	('Persuasion', 'skills', 'PSY', 30900, 0),
	('Negotiation', 'skills', 'PSY', 30900, 0),
	('Service Orientation', 'skills', 'PSY', 30900, 0),
	('Complex Problem Solving', 'skills', 'PSY', 30900, 2.8),
	('Time Management', 'skills', 'PSY', 30900, 2.1),
	('Judgment and Decision Making', 'skills', 'PSY', 30900, 2.1),
	('Mathematics', 'skills', 'PSY', 30900, 1.4),
	('Instructing', 'skills', 'PSY', 30900, 0),
	('Oral Comprehension', 'abilities', 'PSY', 30900, 4.55),
	('Written Comprehension', 'abilities', 'PSY', 30900, 4.9),
	('Oral Expression', 'abilities', 'PSY', 30900, 4.2),
	('Written Expression', 'abilities', 'PSY', 30900, 3.5),
	('Fluency of Ideas', 'abilities', 'PSY', 30900, 0),
	('Originality', 'abilities', 'PSY', 30900, 2.8),
	('Problem Sensitivity', 'abilities', 'PSY', 30900, 2.8),
	('Deductive Reasoning', 'abilities', 'PSY', 30900, 3.5),
	('Inductive Reasoning', 'abilities', 'PSY', 30900, 3.15),
	('Mathematical Reasoning', 'abilities', 'PSY', 30900, 0),
	('Memorization', 'abilities', 'PSY', 30900, 4.55),
	('Speed of Closure', 'abilities', 'PSY', 30900, 2.8),
	('Selective Attention', 'abilities', 'PSY', 30900, 0),
	('Time Sharing', 'abilities', 'PSY', 30900, 0),
	('Speech Recognition', 'abilities', 'PSY', 30900, 2.1),
	('Speech Clarity', 'abilities', 'PSY', 30900, 1.4),
	('Getting Information', 'work activities', 'PSY', 30900, 3.5),
	('Monitoring Processes, Materials, or Surroundings', 'work activities', 'PSY', 30900, 2.1),
	('Identifying Objects, Actions, and Events', 'work activities', 'PSY', 30900, 2.8),
	('Judging the Qualities of Objects, Services, or People', 'work activities', 'PSY', 30900, 3.5),
	('Evaluating Information to Determine Compliance with Standards', 'work activities', 'PSY', 30900, 0),
	('Analyzing Data or Information', 'work activities', 'PSY', 30900, 2.1),
	('Thinking Creatively', 'work activities', 'PSY', 30900, 2.1),
	('Updating and Using Relevant Knowledge', 'work activities', 'PSY', 30900, 0),
	('Developing Objectives and Strategies', 'work activities', 'PSY', 30900, 0),
	('Scheduling Work and Activities', 'work activities', 'PSY', 30900, 0),
	('Organizing, Planning, and Prioritizing Work', 'work activities', 'PSY', 30900, 1.4),
	('Working with Computers', 'work activities', 'PSY', 30900, 1.4),
	('Interpreting the Meaning of Information for Others', 'work activities', 'PSY', 30900, 2.1),
	('Communicating with Supervisors, Peers, or Subordinates', 'work activities', 'PSY', 30900, 2.1),
	('Establishing and Maintaining Interpersonal Relationships', 'work activities', 'PSY', 30900, 0),
	('Resolving Conflicts and Negotiating with Others', 'work activities', 'PSY', 30900, 0),
	('Coordinating the Work and Activities of Others', 'work activities', 'PSY', 30900, 0),
	('Developing and Building Teams', 'work activities', 'PSY', 30900, 0),
	('Coaching and Developing Others', 'work activities', 'PSY', 30900, 0),
	('Performing Administrative Activities', 'work activities', 'PSY', 30900, 0),
	('Documenting/Recording Information', 'work activities', 'PSY', 30900, 0),
	('Making Decisions and Solving Problems', 'work activities', 'PSY', 30900, 3.15),
	('Communicating with People Outside the Organization', 'work activities', 'PSY', 30900, 0),
	('Assisting and Caring for Others', 'work activities', 'PSY', 30900, 0),
	('Selling or Influencing Others', 'work activities', 'PSY', 30900, 0),
	('Guiding, Directing, and Motivating Subordinates', 'work activities', 'PSY', 30900, 0),
	('Training and Teaching Others', 'work activities', 'PSY', 30900, 0),
	('Providing Consultation and Advice to Others', 'work activities', 'PSY', 30900, 0),
	('Performing for or Working Directly with the Public', 'work activities', 'PSY', 30900, 0),
	('Staffing Organizational Units', 'work activities', 'PSY', 30900, 0),
	('Monitoring and Controlling Resources', 'work activities', 'PSY', 30900, 0),
	('Processing Information', 'work activities', 'PSY', 30900, 1.75),
	('Sociology and Anthropology', 'knowledge', 'PSY', 31100, 0),
	('Psychology', 'knowledge', 'PSY', 31100, 7),
	('Therapy and Counseling', 'knowledge', 'PSY', 31100, 0),
	('Reading Comprehension', 'skills', 'PSY', 31100, 4.97),
	('Active Listening', 'skills', 'PSY', 31100, 5.32),
	('Writing', 'skills', 'PSY', 31100, 4.97),
	('Speaking', 'skills', 'PSY', 31100, 4.97),
	('Science', 'skills', 'PSY', 31100, 5.04),
	('Critical Thinking', 'skills', 'PSY', 31100, 5.88),
	('Active Learning', 'skills', 'PSY', 31100, 4.97),
	('Learning Strategies', 'skills', 'PSY', 31100, 5.04),
	('Monitoring', 'skills', 'PSY', 31100, 4.97),
	('Social Perceptiveness', 'skills', 'PSY', 31100, 4.97),
	('Coordination', 'skills', 'PSY', 31100, 0),
	('Persuasion', 'skills', 'PSY', 31100, 0),
	('Negotiation', 'skills', 'PSY', 31100, 0),
	('Service Orientation', 'skills', 'PSY', 31100, 4.48),
	('Complex Problem Solving', 'skills', 'PSY', 31100, 4.83),
	('Time Management', 'skills', 'PSY', 31100, 5.25),
	('Judgment and Decision Making', 'skills', 'PSY', 31100, 0),
	('Mathematics', 'skills', 'PSY', 31100, 0),
	('Instructing', 'skills', 'PSY', 31100, 0),
	('Oral Comprehension', 'abilities', 'PSY', 31100, 5.25),
	('Written Comprehension', 'abilities', 'PSY', 31100, 5.25),
	('Oral Expression', 'abilities', 'PSY', 31100, 5.46),
	('Written Expression', 'abilities', 'PSY', 31100, 5.25),
	('Fluency of Ideas', 'abilities', 'PSY', 31100, 5.32),
	('Originality', 'abilities', 'PSY', 31100, 5.32),
	('Problem Sensitivity', 'abilities', 'PSY', 31100, 0),
	('Deductive Reasoning', 'abilities', 'PSY', 31100, 4.76),
	('Inductive Reasoning', 'abilities', 'PSY', 31100, 5.6),
	('Mathematical Reasoning', 'abilities', 'PSY', 31100, 4.34),
	('Memorization', 'abilities', 'PSY', 31100, 5.32),
	('Speed of Closure', 'abilities', 'PSY', 31100, 4.9),
	('Selective Attention', 'abilities', 'PSY', 31100, 5.67),
	('Time Sharing', 'abilities', 'PSY', 31100, 5.04),
	('Speech Recognition', 'abilities', 'PSY', 31100, 4.9),
	('Speech Clarity', 'abilities', 'PSY', 31100, 4.76),
	('Getting Information', 'work activities', 'PSY', 31100, 5.53),
	('Monitoring Processes, Materials, or Surroundings', 'work activities', 'PSY', 31100, 0),
	('Identifying Objects, Actions, and Events', 'work activities', 'PSY', 31100, 0),
	('Judging the Qualities of Objects, Services, or People', 'work activities', 'PSY', 31100, 0),
	('Evaluating Information to Determine Compliance with Standards', 'work activities', 'PSY', 31100, 0),
	('Analyzing Data or Information', 'work activities', 'PSY', 31100, 4.69),
	('Thinking Creatively', 'work activities', 'PSY', 31100, 4.9),
	('Updating and Using Relevant Knowledge', 'work activities', 'PSY', 31100, 0),
	('Developing Objectives and Strategies', 'work activities', 'PSY', 31100, 0),
	('Scheduling Work and Activities', 'work activities', 'PSY', 31100, 0),
	('Organizing, Planning, and Prioritizing Work', 'work activities', 'PSY', 31100, 5.53),
	('Working with Computers', 'work activities', 'PSY', 31100, 0),
	('Interpreting the Meaning of Information for Others', 'work activities', 'PSY', 31100, 4.2),
	('Communicating with Supervisors, Peers, or Subordinates', 'work activities', 'PSY', 31100, 5.67),
	('Establishing and Maintaining Interpersonal Relationships', 'work activities', 'PSY', 31100, 5.32),
	('Resolving Conflicts and Negotiating with Others', 'work activities', 'PSY', 31100, 0),
	('Coordinating the Work and Activities of Others', 'work activities', 'PSY', 31100, 0),
	('Developing and Building Teams', 'work activities', 'PSY', 31100, 0),
	('Coaching and Developing Others', 'work activities', 'PSY', 31100, 0),
	('Performing Administrative Activities', 'work activities', 'PSY', 31100, 0),
	('Documenting/Recording Information', 'work activities', 'PSY', 31100, 5.74),
	('Making Decisions and Solving Problems', 'work activities', 'PSY', 31100, 4.34),
	('Communicating with People Outside the Organization', 'work activities', 'PSY', 31100, 0),
	('Assisting and Caring for Others', 'work activities', 'PSY', 31100, 0),
	('Selling or Influencing Others', 'work activities', 'PSY', 31100, 0),
	('Guiding, Directing, and Motivating Subordinates', 'work activities', 'PSY', 31100, 0),
	('Training and Teaching Others', 'work activities', 'PSY', 31100, 0),
	('Providing Consultation and Advice to Others', 'work activities', 'PSY', 31100, 4.48),
	('Performing for or Working Directly with the Public', 'work activities', 'PSY', 31100, 0),
	('Staffing Organizational Units', 'work activities', 'PSY', 31100, 0),
	('Monitoring and Controlling Resources', 'work activities', 'PSY', 31100, 0),
	('Processing Information', 'work activities', 'PSY', 31100, 4.13),
	('Sociology and Anthropology', 'knowledge', 'PSY', 31200, 1.4),
	('Psychology', 'knowledge', 'PSY', 31200, 5.25),
	('Therapy and Counseling', 'knowledge', 'PSY', 31200, 1.4),
	('Reading Comprehension', 'skills', 'PSY', 31200, 5.25),
	('Active Listening', 'skills', 'PSY', 31200, 5.25),
	('Writing', 'skills', 'PSY', 31200, 5.25),
	('Speaking', 'skills', 'PSY', 31200, 5.25),
	('Science', 'skills', 'PSY', 31200, 5.25),
	('Critical Thinking', 'skills', 'PSY', 31200, 5.25),
	('Active Learning', 'skills', 'PSY', 31200, 5.25),
	('Learning Strategies', 'skills', 'PSY', 31200, 5.25),
	('Monitoring', 'skills', 'PSY', 31200, 3.5),
	('Social Perceptiveness', 'skills', 'PSY', 31200, 5.25),
	('Coordination', 'skills', 'PSY', 31200, 5.25),
	('Persuasion', 'skills', 'PSY', 31200, 2.1),
	('Negotiation', 'skills', 'PSY', 31200, 2.1),
	('Service Orientation', 'skills', 'PSY', 31200, 5.25),
	('Complex Problem Solving', 'skills', 'PSY', 31200, 5.25),
	('Time Management', 'skills', 'PSY', 31200, 5.25),
	('Judgment and Decision Making', 'skills', 'PSY', 31200, 5.25),
	('Mathematics', 'skills', 'PSY', 31200, 1.4),
	('Instructing', 'skills', 'PSY', 31200, 5.25),
	('Oral Comprehension', 'abilities', 'PSY', 31200, 5.25),
	('Written Comprehension', 'abilities', 'PSY', 31200, 5.25),
	('Oral Expression', 'abilities', 'PSY', 31200, 5.25),
	('Written Expression', 'abilities', 'PSY', 31200, 5.25),
	('Fluency of Ideas', 'abilities', 'PSY', 31200, 5.32),
	('Originality', 'abilities', 'PSY', 31200, 5.25),
	('Problem Sensitivity', 'abilities', 'PSY', 31200, 5.25),
	('Deductive Reasoning', 'abilities', 'PSY', 31200, 5.25),
	('Inductive Reasoning', 'abilities', 'PSY', 31200, 5.25),
	('Mathematical Reasoning', 'abilities', 'PSY', 31200, 1.4),
	('Memorization', 'abilities', 'PSY', 31200, 5.25),
	('Speed of Closure', 'abilities', 'PSY', 31200, 5.25),
	('Selective Attention', 'abilities', 'PSY', 31200, 5.25),
	('Time Sharing', 'abilities', 'PSY', 31200, 5.25),
	('Speech Recognition', 'abilities', 'PSY', 31200, 5.25),
	('Speech Clarity', 'abilities', 'PSY', 31200, 5.25),
	('Getting Information', 'work activities', 'PSY', 31200, 5.25),
	('Monitoring Processes, Materials, or Surroundings', 'work activities', 'PSY', 31200, 5.25),
	('Identifying Objects, Actions, and Events', 'work activities', 'PSY', 31200, 5.25),
	('Judging the Qualities of Objects, Services, or People', 'work activities', 'PSY', 31200, 5.25),
	('Evaluating Information to Determine Compliance with Standards', 'work activities', 'PSY', 31200, 0),
	('Analyzing Data or Information', 'work activities', 'PSY', 31200, 5.25),
	('Thinking Creatively', 'work activities', 'PSY', 31200, 5.25),
	('Updating and Using Relevant Knowledge', 'work activities', 'PSY', 31200, 0),
	('Developing Objectives and Strategies', 'work activities', 'PSY', 31200, 5.25),
	('Scheduling Work and Activities', 'work activities', 'PSY', 31200, 0),
	('Organizing, Planning, and Prioritizing Work', 'work activities', 'PSY', 31200, 5.25),
	('Working with Computers', 'work activities', 'PSY', 31200, 5.25),
	('Interpreting the Meaning of Information for Others', 'work activities', 'PSY', 31200, 5.25),
	('Communicating with Supervisors, Peers, or Subordinates', 'work activities', 'PSY', 31200, 5.25),
	('Establishing and Maintaining Interpersonal Relationships', 'work activities', 'PSY', 31200, 5.25),
	('Resolving Conflicts and Negotiating with Others', 'work activities', 'PSY', 31200, 0),
	('Coordinating the Work and Activities of Others', 'work activities', 'PSY', 31200, 0),
	('Developing and Building Teams', 'work activities', 'PSY', 31200, 0),
	('Coaching and Developing Others', 'work activities', 'PSY', 31200, 0),
	('Performing Administrative Activities', 'work activities', 'PSY', 31200, 0),
	('Documenting/Recording Information', 'work activities', 'PSY', 31200, 5.25),
	('Making Decisions and Solving Problems', 'work activities', 'PSY', 31200, 5.25),
	('Communicating with People Outside the Organization', 'work activities', 'PSY', 31200, 0),
	('Assisting and Caring for Others', 'work activities', 'PSY', 31200, 0),
	('Selling or Influencing Others', 'work activities', 'PSY', 31200, 0),
	('Guiding, Directing, and Motivating Subordinates', 'work activities', 'PSY', 31200, 0),
	('Training and Teaching Others', 'work activities', 'PSY', 31200, 5.25),
	('Providing Consultation and Advice to Others', 'work activities', 'PSY', 31200, 0),
	('Performing for or Working Directly with the Public', 'work activities', 'PSY', 31200, 0),
	('Staffing Organizational Units', 'work activities', 'PSY', 31200, 0),
	('Monitoring and Controlling Resources', 'work activities', 'PSY', 31200, 0),
	('Processing Information', 'work activities', 'PSY', 31200, 5.25),
	('Sociology and Anthropology', 'knowledge', 'PSY', 31300, 1.4),
	('Psychology', 'knowledge', 'PSY', 31300, 5.25),
	('Therapy and Counseling', 'knowledge', 'PSY', 31300, 1.4),
	('Reading Comprehension', 'skills', 'PSY', 31300, 5.25),
	('Active Listening', 'skills', 'PSY', 31300, 5.25),
	('Writing', 'skills', 'PSY', 31300, 5.25),
	('Speaking', 'skills', 'PSY', 31300, 5.25),
	('Science', 'skills', 'PSY', 31300, 5.25),
	('Critical Thinking', 'skills', 'PSY', 31300, 5.25),
	('Active Learning', 'skills', 'PSY', 31300, 5.25),
	('Learning Strategies', 'skills', 'PSY', 31300, 5.25),
	('Monitoring', 'skills', 'PSY', 31300, 5.25),
	('Social Perceptiveness', 'skills', 'PSY', 31300, 5.25),
	('Coordination', 'skills', 'PSY', 31300, 3.5),
	('Persuasion', 'skills', 'PSY', 31300, 3.5),
	('Negotiation', 'skills', 'PSY', 31300, 0),
	('Service Orientation', 'skills', 'PSY', 31300, 5.25),
	('Complex Problem Solving', 'skills', 'PSY', 31300, 5.25),
	('Time Management', 'skills', 'PSY', 31300, 5.25),
	('Judgment and Decision Making', 'skills', 'PSY', 31300, 5.25),
	('Mathematics', 'skills', 'PSY', 31300, 1.75),
	('Instructing', 'skills', 'PSY', 31300, 5.25),
	('Oral Comprehension', 'abilities', 'PSY', 31300, 5.25),
	('Written Comprehension', 'abilities', 'PSY', 31300, 5.25),
	('Oral Expression', 'abilities', 'PSY', 31300, 5.25),
	('Written Expression', 'abilities', 'PSY', 31300, 5.25),
	('Fluency of Ideas', 'abilities', 'PSY', 31300, 5.25),
	('Originality', 'abilities', 'PSY', 31300, 5.25),
	('Problem Sensitivity', 'abilities', 'PSY', 31300, 5.25),
	('Deductive Reasoning', 'abilities', 'PSY', 31300, 5.25),
	('Inductive Reasoning', 'abilities', 'PSY', 31300, 5.25),
	('Mathematical Reasoning', 'abilities', 'PSY', 31300, 1.75),
	('Memorization', 'abilities', 'PSY', 31300, 5.25),
	('Speed of Closure', 'abilities', 'PSY', 31300, 5.25),
	('Selective Attention', 'abilities', 'PSY', 31300, 5.25),
	('Time Sharing', 'abilities', 'PSY', 31300, 5.25),
	('Speech Recognition', 'abilities', 'PSY', 31300, 5.25),
	('Speech Clarity', 'abilities', 'PSY', 31300, 5.25),
	('Getting Information', 'work activities', 'PSY', 31300, 5.25),
	('Monitoring Processes, Materials, or Surroundings', 'work activities', 'PSY', 31300, 5.25),
	('Identifying Objects, Actions, and Events', 'work activities', 'PSY', 31300, 5.25),
	('Judging the Qualities of Objects, Services, or People', 'work activities', 'PSY', 31300, 5.25),
	('Evaluating Information to Determine Compliance with Standards', 'work activities', 'PSY', 31300, 0),
	('Analyzing Data or Information', 'work activities', 'PSY', 31300, 5.25),
	('Thinking Creatively', 'work activities', 'PSY', 31300, 5.25),
	('Updating and Using Relevant Knowledge', 'work activities', 'PSY', 31300, 5.25),
	('Developing Objectives and Strategies', 'work activities', 'PSY', 31300, 5.25),
	('Scheduling Work and Activities', 'work activities', 'PSY', 31300, 5.25),
	('Organizing, Planning, and Prioritizing Work', 'work activities', 'PSY', 31300, 5.25),
	('Working with Computers', 'work activities', 'PSY', 31300, 5.25),
	('Interpreting the Meaning of Information for Others', 'work activities', 'PSY', 31300, 5.25),
	('Communicating with Supervisors, Peers, or Subordinates', 'work activities', 'PSY', 31300, 5.25),
	('Establishing and Maintaining Interpersonal Relationships', 'work activities', 'PSY', 31300, 5.25),
	('Resolving Conflicts and Negotiating with Others', 'work activities', 'PSY', 31300, 0),
	('Coordinating the Work and Activities of Others', 'work activities', 'PSY', 31300, 0),
	('Developing and Building Teams', 'work activities', 'PSY', 31300, 0),
	('Coaching and Developing Others', 'work activities', 'PSY', 31300, 5.25),
	('Performing Administrative Activities', 'work activities', 'PSY', 31300, 5.25),
	('Documenting/Recording Information', 'work activities', 'PSY', 31300, 5.25),
	('Making Decisions and Solving Problems', 'work activities', 'PSY', 31300, 5.25),
	('Monitoring', 'skills', 'PSY', 32100, 4.97),
	('Communicating with People Outside the Organization', 'work activities', 'PSY', 31300, 0),
	('Assisting and Caring for Others', 'work activities', 'PSY', 31300, 0),
	('Selling or Influencing Others', 'work activities', 'PSY', 31300, 0),
	('Guiding, Directing, and Motivating Subordinates', 'work activities', 'PSY', 31300, 0),
	('Training and Teaching Others', 'work activities', 'PSY', 31300, 5.25),
	('Providing Consultation and Advice to Others', 'work activities', 'PSY', 31300, 2.8),
	('Performing for or Working Directly with the Public', 'work activities', 'PSY', 31300, 0),
	('Staffing Organizational Units', 'work activities', 'PSY', 31300, 0),
	('Monitoring and Controlling Resources', 'work activities', 'PSY', 31300, 0),
	('Processing Information', 'work activities', 'PSY', 31300, 5.25),
	('Sociology and Anthropology', 'knowledge', 'PSY', 31500, 6.3),
	('Psychology', 'knowledge', 'PSY', 31500, 4.9),
	('Therapy and Counseling', 'knowledge', 'PSY', 31500, 0),
	('Reading Comprehension', 'skills', 'PSY', 31500, 6.02),
	('Active Listening', 'skills', 'PSY', 31500, 6.09),
	('Writing', 'skills', 'PSY', 31500, 6.02),
	('Speaking', 'skills', 'PSY', 31500, 6.02),
	('Science', 'skills', 'PSY', 31500, 4.2),
	('Critical Thinking', 'skills', 'PSY', 31500, 4.9),
	('Active Learning', 'skills', 'PSY', 31500, 4.9),
	('Learning Strategies', 'skills', 'PSY', 31500, 0),
	('Monitoring', 'skills', 'PSY', 31500, 5.6),
	('Social Perceptiveness', 'skills', 'PSY', 31500, 4.9),
	('Coordination', 'skills', 'PSY', 31500, 3.5),
	('Persuasion', 'skills', 'PSY', 31500, 3.5),
	('Negotiation', 'skills', 'PSY', 31500, 5.67),
	('Service Orientation', 'skills', 'PSY', 31500, 5.74),
	('Complex Problem Solving', 'skills', 'PSY', 31500, 3.5),
	('Time Management', 'skills', 'PSY', 31500, 3.5),
	('Judgment and Decision Making', 'skills', 'PSY', 31500, 3.5),
	('Mathematics', 'skills', 'PSY', 31500, 0),
	('Instructing', 'skills', 'PSY', 31500, 3.5),
	('Oral Comprehension', 'abilities', 'PSY', 31500, 4.9),
	('Written Comprehension', 'abilities', 'PSY', 31500, 4.9),
	('Oral Expression', 'abilities', 'PSY', 31500, 4.9),
	('Written Expression', 'abilities', 'PSY', 31500, 4.9),
	('Fluency of Ideas', 'abilities', 'PSY', 31500, 3.5),
	('Originality', 'abilities', 'PSY', 31500, 3.5),
	('Problem Sensitivity', 'abilities', 'PSY', 31500, 3.5),
	('Deductive Reasoning', 'abilities', 'PSY', 31500, 3.5),
	('Inductive Reasoning', 'abilities', 'PSY', 31500, 4.97),
	('Mathematical Reasoning', 'abilities', 'PSY', 31500, 0),
	('Memorization', 'abilities', 'PSY', 31500, 0),
	('Speed of Closure', 'abilities', 'PSY', 31500, 0),
	('Selective Attention', 'abilities', 'PSY', 31500, 0),
	('Time Sharing', 'abilities', 'PSY', 31500, 3.5),
	('Speech Recognition', 'abilities', 'PSY', 31500, 4.9),
	('Speech Clarity', 'abilities', 'PSY', 31500, 4.9),
	('Getting Information', 'work activities', 'PSY', 31500, 3.5),
	('Monitoring Processes, Materials, or Surroundings', 'work activities', 'PSY', 31500, 3.5),
	('Identifying Objects, Actions, and Events', 'work activities', 'PSY', 31500, 0),
	('Judging the Qualities of Objects, Services, or People', 'work activities', 'PSY', 31500, 4.9),
	('Evaluating Information to Determine Compliance with Standards', 'work activities', 'PSY', 31500, 0),
	('Analyzing Data or Information', 'work activities', 'PSY', 31500, 3.5),
	('Thinking Creatively', 'work activities', 'PSY', 31500, 3.5),
	('Updating and Using Relevant Knowledge', 'work activities', 'PSY', 31500, 0),
	('Developing Objectives and Strategies', 'work activities', 'PSY', 31500, 0),
	('Scheduling Work and Activities', 'work activities', 'PSY', 31500, 3.5),
	('Organizing, Planning, and Prioritizing Work', 'work activities', 'PSY', 31500, 3.43),
	('Working with Computers', 'work activities', 'PSY', 31500, 0),
	('Interpreting the Meaning of Information for Others', 'work activities', 'PSY', 31500, 3.57),
	('Communicating with Supervisors, Peers, or Subordinates', 'work activities', 'PSY', 31500, 3.57),
	('Establishing and Maintaining Interpersonal Relationships', 'work activities', 'PSY', 31500, 4.97),
	('Resolving Conflicts and Negotiating with Others', 'work activities', 'PSY', 31500, 4.97),
	('Coordinating the Work and Activities of Others', 'work activities', 'PSY', 31500, 4.97),
	('Developing and Building Teams', 'work activities', 'PSY', 31500, 4.97),
	('Coaching and Developing Others', 'work activities', 'PSY', 31500, 4.97),
	('Performing Administrative Activities', 'work activities', 'PSY', 31500, 0),
	('Documenting/Recording Information', 'work activities', 'PSY', 31500, 0),
	('Making Decisions and Solving Problems', 'work activities', 'PSY', 31500, 3.57),
	('Communicating with People Outside the Organization', 'work activities', 'PSY', 31500, 4.97),
	('Assisting and Caring for Others', 'work activities', 'PSY', 31500, 4.97),
	('Selling or Influencing Others', 'work activities', 'PSY', 31500, 4.9),
	('Guiding, Directing, and Motivating Subordinates', 'work activities', 'PSY', 31500, 0),
	('Training and Teaching Others', 'work activities', 'PSY', 31500, 0),
	('Providing Consultation and Advice to Others', 'work activities', 'PSY', 31500, 0),
	('Performing for or Working Directly with the Public', 'work activities', 'PSY', 31500, 0),
	('Staffing Organizational Units', 'work activities', 'PSY', 31500, 0),
	('Monitoring and Controlling Resources', 'work activities', 'PSY', 31500, 0),
	('Processing Information', 'work activities', 'PSY', 31500, 0),
	('Sociology and Anthropology', 'knowledge', 'PSY', 32100, 3.5),
	('Psychology', 'knowledge', 'PSY', 32100, 5.04),
	('Therapy and Counseling', 'knowledge', 'PSY', 32100, 5.04),
	('Reading Comprehension', 'skills', 'PSY', 32100, 5.04),
	('Active Listening', 'skills', 'PSY', 32100, 2.1),
	('Writing', 'skills', 'PSY', 32100, 3.57),
	('Speaking', 'skills', 'PSY', 32100, 4.9),
	('Science', 'skills', 'PSY', 32100, 0),
	('Critical Thinking', 'skills', 'PSY', 32100, 4.97),
	('Active Learning', 'skills', 'PSY', 32100, 4.97),
	('Learning Strategies', 'skills', 'PSY', 32100, 4.97),
	('Social Perceptiveness', 'skills', 'PSY', 32100, 4.9),
	('Coordination', 'skills', 'PSY', 32100, 3.5),
	('Persuasion', 'skills', 'PSY', 32100, 0),
	('Negotiation', 'skills', 'PSY', 32100, 0),
	('Service Orientation', 'skills', 'PSY', 32100, 4.97),
	('Complex Problem Solving', 'skills', 'PSY', 32100, 3.5),
	('Time Management', 'skills', 'PSY', 32100, 4.2),
	('Judgment and Decision Making', 'skills', 'PSY', 32100, 4.27),
	('Mathematics', 'skills', 'PSY', 32100, 0),
	('Instructing', 'skills', 'PSY', 32100, 3.5),
	('Oral Comprehension', 'abilities', 'PSY', 32100, 4.97),
	('Written Comprehension', 'abilities', 'PSY', 32100, 4.97),
	('Oral Expression', 'abilities', 'PSY', 32100, 4.9),
	('Written Expression', 'abilities', 'PSY', 32100, 4.9),
	('Fluency of Ideas', 'abilities', 'PSY', 32100, 0),
	('Originality', 'abilities', 'PSY', 32100, 0),
	('Problem Sensitivity', 'abilities', 'PSY', 32100, 3.5),
	('Deductive Reasoning', 'abilities', 'PSY', 32100, 3.5),
	('Inductive Reasoning', 'abilities', 'PSY', 32100, 3.5),
	('Mathematical Reasoning', 'abilities', 'PSY', 32100, 0),
	('Memorization', 'abilities', 'PSY', 32100, 0),
	('Speed of Closure', 'abilities', 'PSY', 32100, 0),
	('Selective Attention', 'abilities', 'PSY', 32100, 2.8),
	('Time Sharing', 'abilities', 'PSY', 32100, 0),
	('Speech Recognition', 'abilities', 'PSY', 32100, 3.5),
	('Speech Clarity', 'abilities', 'PSY', 32100, 4.9),
	('Getting Information', 'work activities', 'PSY', 32100, 4.97),
	('Monitoring Processes, Materials, or Surroundings', 'work activities', 'PSY', 32100, 4.97),
	('Identifying Objects, Actions, and Events', 'work activities', 'PSY', 32100, 3.5),
	('Judging the Qualities of Objects, Services, or People', 'work activities', 'PSY', 32100, 3.5),
	('Evaluating Information to Determine Compliance with Standards', 'work activities', 'PSY', 32100, 0),
	('Analyzing Data or Information', 'work activities', 'PSY', 32100, 3.5),
	('Thinking Creatively', 'work activities', 'PSY', 32100, 3.5),
	('Updating and Using Relevant Knowledge', 'work activities', 'PSY', 32100, 3.5),
	('Developing Objectives and Strategies', 'work activities', 'PSY', 32100, 3.5),
	('Scheduling Work and Activities', 'work activities', 'PSY', 32100, 0),
	('Organizing, Planning, and Prioritizing Work', 'work activities', 'PSY', 32100, 3.43),
	('Working with Computers', 'work activities', 'PSY', 32100, 0),
	('Interpreting the Meaning of Information for Others', 'work activities', 'PSY', 32100, 3.5),
	('Communicating with Supervisors, Peers, or Subordinates', 'work activities', 'PSY', 32100, 3.5),
	('Establishing and Maintaining Interpersonal Relationships', 'work activities', 'PSY', 32100, 3.5),
	('Resolving Conflicts and Negotiating with Others', 'work activities', 'PSY', 32100, 0),
	('Coordinating the Work and Activities of Others', 'work activities', 'PSY', 32100, 0),
	('Developing and Building Teams', 'work activities', 'PSY', 32100, 0),
	('Coaching and Developing Others', 'work activities', 'PSY', 32100, 0),
	('Performing Administrative Activities', 'work activities', 'PSY', 32100, 0),
	('Documenting/Recording Information', 'work activities', 'PSY', 32100, 4.97),
	('Making Decisions and Solving Problems', 'work activities', 'PSY', 32100, 4.97),
	('Communicating with People Outside the Organization', 'work activities', 'PSY', 32100, 0),
	('Assisting and Caring for Others', 'work activities', 'PSY', 32100, 4.97),
	('Selling or Influencing Others', 'work activities', 'PSY', 32100, 0),
	('Guiding, Directing, and Motivating Subordinates', 'work activities', 'PSY', 32100, 0),
	('Training and Teaching Others', 'work activities', 'PSY', 32100, 4.9),
	('Providing Consultation and Advice to Others', 'work activities', 'PSY', 32100, 4.9),
	('Performing for or Working Directly with the Public', 'work activities', 'PSY', 32100, 4.97),
	('Staffing Organizational Units', 'work activities', 'PSY', 32100, 0),
	('Monitoring and Controlling Resources', 'work activities', 'PSY', 32100, 0),
	('Processing Information', 'work activities', 'PSY', 32100, 0),
	('Sociology and Anthropology', 'knowledge', 'PSY', 32400, 0),
	('Psychology', 'knowledge', 'PSY', 32400, 4.55),
	('Therapy and Counseling', 'knowledge', 'PSY', 32400, 3.5),
	('Reading Comprehension', 'skills', 'PSY', 32400, 4.9),
	('Active Listening', 'skills', 'PSY', 32400, 4.55),
	('Writing', 'skills', 'PSY', 32400, 4.9),
	('Speaking', 'skills', 'PSY', 32400, 4.55),
	('Science', 'skills', 'PSY', 32400, 4.9),
	('Critical Thinking', 'skills', 'PSY', 32400, 4.9),
	('Active Learning', 'skills', 'PSY', 32400, 4.2),
	('Learning Strategies', 'skills', 'PSY', 32400, 0),
	('Monitoring', 'skills', 'PSY', 32400, 4.9),
	('Social Perceptiveness', 'skills', 'PSY', 32400, 4.9),
	('Coordination', 'skills', 'PSY', 32400, 0),
	('Persuasion', 'skills', 'PSY', 32400, 0),
	('Negotiation', 'skills', 'PSY', 32400, 0),
	('Service Orientation', 'skills', 'PSY', 32400, 3.5),
	('Complex Problem Solving', 'skills', 'PSY', 32400, 4.2),
	('Time Management', 'skills', 'PSY', 32400, 0),
	('Judgment and Decision Making', 'skills', 'PSY', 32400, 3.5),
	('Mathematics', 'skills', 'PSY', 32400, 4.2),
	('Instructing', 'skills', 'PSY', 32400, 0),
	('Oral Comprehension', 'abilities', 'PSY', 32400, 4.2),
	('Written Comprehension', 'abilities', 'PSY', 32400, 4.2),
	('Oral Expression', 'abilities', 'PSY', 32400, 4.2),
	('Written Expression', 'abilities', 'PSY', 32400, 4.9),
	('Fluency of Ideas', 'abilities', 'PSY', 32400, 4.9),
	('Originality', 'abilities', 'PSY', 32400, 0),
	('Problem Sensitivity', 'abilities', 'PSY', 32400, 0),
	('Deductive Reasoning', 'abilities', 'PSY', 32400, 4.2),
	('Inductive Reasoning', 'abilities', 'PSY', 32400, 4.2),
	('Mathematical Reasoning', 'abilities', 'PSY', 32400, 4.9),
	('Memorization', 'abilities', 'PSY', 32400, 0),
	('Speed of Closure', 'abilities', 'PSY', 32400, 0),
	('Selective Attention', 'abilities', 'PSY', 32400, 3.5),
	('Time Sharing', 'abilities', 'PSY', 32400, 0),
	('Speech Recognition', 'abilities', 'PSY', 32400, 0),
	('Speech Clarity', 'abilities', 'PSY', 32400, 0),
	('Getting Information', 'work activities', 'PSY', 32400, 5.25),
	('Monitoring Processes, Materials, or Surroundings', 'work activities', 'PSY', 32400, 4.2),
	('Identifying Objects, Actions, and Events', 'work activities', 'PSY', 32400, 0),
	('Judging the Qualities of Objects, Services, or People', 'work activities', 'PSY', 32400, 4.9),
	('Evaluating Information to Determine Compliance with Standards', 'work activities', 'PSY', 32400, 0),
	('Analyzing Data or Information', 'work activities', 'PSY', 32400, 4.2),
	('Thinking Creatively', 'work activities', 'PSY', 32400, 0),
	('Updating and Using Relevant Knowledge', 'work activities', 'PSY', 32400, 4.2),
	('Developing Objectives and Strategies', 'work activities', 'PSY', 32400, 4.2),
	('Scheduling Work and Activities', 'work activities', 'PSY', 32400, 0),
	('Organizing, Planning, and Prioritizing Work', 'work activities', 'PSY', 32400, 3.5),
	('Working with Computers', 'work activities', 'PSY', 32400, 4.9),
	('Interpreting the Meaning of Information for Others', 'work activities', 'PSY', 32400, 4.9),
	('Communicating with Supervisors, Peers, or Subordinates', 'work activities', 'PSY', 32400, 3.5),
	('Establishing and Maintaining Interpersonal Relationships', 'work activities', 'PSY', 32400, 0),
	('Resolving Conflicts and Negotiating with Others', 'work activities', 'PSY', 32400, 0),
	('Coordinating the Work and Activities of Others', 'work activities', 'PSY', 32400, 0),
	('Developing and Building Teams', 'work activities', 'PSY', 32400, 0),
	('Coaching and Developing Others', 'work activities', 'PSY', 32400, 0),
	('Performing Administrative Activities', 'work activities', 'PSY', 32400, 4.2),
	('Documenting/Recording Information', 'work activities', 'PSY', 32400, 4.9),
	('Making Decisions and Solving Problems', 'work activities', 'PSY', 32400, 4.55),
	('Communicating with People Outside the Organization', 'work activities', 'PSY', 32400, 0),
	('Assisting and Caring for Others', 'work activities', 'PSY', 32400, 3.5),
	('Selling or Influencing Others', 'work activities', 'PSY', 32400, 0),
	('Guiding, Directing, and Motivating Subordinates', 'work activities', 'PSY', 32400, 0),
	('Training and Teaching Others', 'work activities', 'PSY', 32400, 0),
	('Providing Consultation and Advice to Others', 'work activities', 'PSY', 32400, 3.5),
	('Performing for or Working Directly with the Public', 'work activities', 'PSY', 32400, 0),
	('Staffing Organizational Units', 'work activities', 'PSY', 32400, 0),
	('Monitoring and Controlling Resources', 'work activities', 'PSY', 32400, 0),
	('Processing Information', 'work activities', 'PSY', 32400, 4.9),
	('Sociology and Anthropology', 'knowledge', 'PSY', 32500, 2.8),
	('Psychology', 'knowledge', 'PSY', 32500, 4.76),
	('Therapy and Counseling', 'knowledge', 'PSY', 32500, 2.45),
	('Reading Comprehension', 'skills', 'PSY', 32500, 5.6),
	('Active Listening', 'skills', 'PSY', 32500, 4.55),
	('Writing', 'skills', 'PSY', 32500, 4.2),
	('Speaking', 'skills', 'PSY', 32500, 3.15),
	('Science', 'skills', 'PSY', 32500, 1.05),
	('Critical Thinking', 'skills', 'PSY', 32500, 3.85),
	('Active Learning', 'skills', 'PSY', 32500, 3.85),
	('Learning Strategies', 'skills', 'PSY', 32500, 0),
	('Monitoring', 'skills', 'PSY', 32500, 0),
	('Social Perceptiveness', 'skills', 'PSY', 32500, 0),
	('Coordination', 'skills', 'PSY', 32500, 0),
	('Persuasion', 'skills', 'PSY', 32500, 3.5),
	('Negotiation', 'skills', 'PSY', 32500, 0),
	('Service Orientation', 'skills', 'PSY', 32500, 0),
	('Complex Problem Solving', 'skills', 'PSY', 32500, 2.8),
	('Time Management', 'skills', 'PSY', 32500, 1.75),
	('Judgment and Decision Making', 'skills', 'PSY', 32500, 3.15),
	('Mathematics', 'skills', 'PSY', 32500, 0),
	('Instructing', 'skills', 'PSY', 32500, 0),
	('Oral Comprehension', 'abilities', 'PSY', 32500, 6.16),
	('Written Comprehension', 'abilities', 'PSY', 32500, 5.25),
	('Oral Expression', 'abilities', 'PSY', 32500, 3.5),
	('Written Expression', 'abilities', 'PSY', 32500, 3.5),
	('Fluency of Ideas', 'abilities', 'PSY', 32500, 1.4),
	('Originality', 'abilities', 'PSY', 32500, 2.03),
	('Problem Sensitivity', 'abilities', 'PSY', 32500, 3.15),
	('Deductive Reasoning', 'abilities', 'PSY', 32500, 3.15),
	('Inductive Reasoning', 'abilities', 'PSY', 32500, 4.2),
	('Mathematical Reasoning', 'abilities', 'PSY', 32500, 0.7),
	('Memorization', 'abilities', 'PSY', 32500, 1.05),
	('Speed of Closure', 'abilities', 'PSY', 32500, 0),
	('Selective Attention', 'abilities', 'PSY', 32500, 0),
	('Time Sharing', 'abilities', 'PSY', 32500, 0),
	('Speech Recognition', 'abilities', 'PSY', 32500, 2.45),
	('Speech Clarity', 'abilities', 'PSY', 32500, 2.45),
	('Getting Information', 'work activities', 'PSY', 32500, 1.75),
	('Monitoring Processes, Materials, or Surroundings', 'work activities', 'PSY', 32500, 2.45),
	('Identifying Objects, Actions, and Events', 'work activities', 'PSY', 32500, 3.15),
	('Judging the Qualities of Objects, Services, or People', 'work activities', 'PSY', 32500, 0),
	('Evaluating Information to Determine Compliance with Standards', 'work activities', 'PSY', 32500, 0.7),
	('Analyzing Data or Information', 'work activities', 'PSY', 32500, 1.75),
	('Thinking Creatively', 'work activities', 'PSY', 32500, 0),
	('Updating and Using Relevant Knowledge', 'work activities', 'PSY', 32500, 0),
	('Developing Objectives and Strategies', 'work activities', 'PSY', 32500, 0),
	('Scheduling Work and Activities', 'work activities', 'PSY', 32500, 0),
	('Organizing, Planning, and Prioritizing Work', 'work activities', 'PSY', 32500, 0),
	('Working with Computers', 'work activities', 'PSY', 32500, 1.05),
	('Interpreting the Meaning of Information for Others', 'work activities', 'PSY', 32500, 1.75),
	('Communicating with Supervisors, Peers, or Subordinates', 'work activities', 'PSY', 32500, 0),
	('Establishing and Maintaining Interpersonal Relationships', 'work activities', 'PSY', 32500, 0),
	('Psychology', 'knowledge', 'PSY', 33000, 4.55),
	('Resolving Conflicts and Negotiating with Others', 'work activities', 'PSY', 32500, 0),
	('Coordinating the Work and Activities of Others', 'work activities', 'PSY', 32500, 0),
	('Developing and Building Teams', 'work activities', 'PSY', 32500, 0),
	('Coaching and Developing Others', 'work activities', 'PSY', 32500, 0),
	('Performing Administrative Activities', 'work activities', 'PSY', 32500, 0),
	('Documenting/Recording Information', 'work activities', 'PSY', 32500, 0),
	('Making Decisions and Solving Problems', 'work activities', 'PSY', 32500, 2.45),
	('Communicating with People Outside the Organization', 'work activities', 'PSY', 32500, 0),
	('Assisting and Caring for Others', 'work activities', 'PSY', 32500, 0),
	('Selling or Influencing Others', 'work activities', 'PSY', 32500, 0),
	('Guiding, Directing, and Motivating Subordinates', 'work activities', 'PSY', 32500, 0),
	('Training and Teaching Others', 'work activities', 'PSY', 32500, 0),
	('Providing Consultation and Advice to Others', 'work activities', 'PSY', 32500, 0),
	('Performing for or Working Directly with the Public', 'work activities', 'PSY', 32500, 0),
	('Staffing Organizational Units', 'work activities', 'PSY', 32500, 0),
	('Monitoring and Controlling Resources', 'work activities', 'PSY', 32500, 0),
	('Processing Information', 'work activities', 'PSY', 32500, 0.7),
	('Sociology and Anthropology', 'knowledge', 'PSY', 32600, 2.1),
	('Psychology', 'knowledge', 'PSY', 32600, 4.55),
	('Therapy and Counseling', 'knowledge', 'PSY', 32600, 2.1),
	('Reading Comprehension', 'skills', 'PSY', 32600, 5.95),
	('Active Listening', 'skills', 'PSY', 32600, 4.97),
	('Writing', 'skills', 'PSY', 32600, 3.15),
	('Speaking', 'skills', 'PSY', 32600, 2.8),
	('Science', 'skills', 'PSY', 32600, 3.5),
	('Critical Thinking', 'skills', 'PSY', 32600, 3.5),
	('Active Learning', 'skills', 'PSY', 32600, 3.15),
	('Learning Strategies', 'skills', 'PSY', 32600, 1.75),
	('Monitoring', 'skills', 'PSY', 32600, 0),
	('Social Perceptiveness', 'skills', 'PSY', 32600, 3.85),
	('Coordination', 'skills', 'PSY', 32600, 0),
	('Persuasion', 'skills', 'PSY', 32600, 0),
	('Negotiation', 'skills', 'PSY', 32600, 0),
	('Service Orientation', 'skills', 'PSY', 32600, 2.8),
	('Complex Problem Solving', 'skills', 'PSY', 32600, 3.85),
	('Time Management', 'skills', 'PSY', 32600, 2.1),
	('Judgment and Decision Making', 'skills', 'PSY', 32600, 2.45),
	('Mathematics', 'skills', 'PSY', 32600, 0),
	('Instructing', 'skills', 'PSY', 32600, 0.7),
	('Oral Comprehension', 'abilities', 'PSY', 32600, 5.95),
	('Written Comprehension', 'abilities', 'PSY', 32600, 5.25),
	('Oral Expression', 'abilities', 'PSY', 32600, 4.2),
	('Written Expression', 'abilities', 'PSY', 32600, 2.8),
	('Fluency of Ideas', 'abilities', 'PSY', 32600, 2.1),
	('Originality', 'abilities', 'PSY', 32600, 2.8),
	('Problem Sensitivity', 'abilities', 'PSY', 32600, 2.8),
	('Deductive Reasoning', 'abilities', 'PSY', 32600, 3.5),
	('Inductive Reasoning', 'abilities', 'PSY', 32600, 3.5),
	('Mathematical Reasoning', 'abilities', 'PSY', 32600, 0.7),
	('Memorization', 'abilities', 'PSY', 32600, 3.85),
	('Speed of Closure', 'abilities', 'PSY', 32600, 1.4),
	('Selective Attention', 'abilities', 'PSY', 32600, 2.45),
	('Time Sharing', 'abilities', 'PSY', 32600, 0),
	('Speech Recognition', 'abilities', 'PSY', 32600, 3.5),
	('Speech Clarity', 'abilities', 'PSY', 32600, 2.1),
	('Getting Information', 'work activities', 'PSY', 32600, 2.1),
	('Monitoring Processes, Materials, or Surroundings', 'work activities', 'PSY', 32600, 0),
	('Identifying Objects, Actions, and Events', 'work activities', 'PSY', 32600, 2.8),
	('Judging the Qualities of Objects, Services, or People', 'work activities', 'PSY', 32600, 2.1),
	('Evaluating Information to Determine Compliance with Standards', 'work activities', 'PSY', 32600, 0),
	('Analyzing Data or Information', 'work activities', 'PSY', 32600, 1.4),
	('Thinking Creatively', 'work activities', 'PSY', 32600, 3.15),
	('Updating and Using Relevant Knowledge', 'work activities', 'PSY', 32600, 0),
	('Developing Objectives and Strategies', 'work activities', 'PSY', 32600, 2.1),
	('Scheduling Work and Activities', 'work activities', 'PSY', 32600, 0),
	('Organizing, Planning, and Prioritizing Work', 'work activities', 'PSY', 32600, 1.05),
	('Working with Computers', 'work activities', 'PSY', 32600, 0),
	('Interpreting the Meaning of Information for Others', 'work activities', 'PSY', 32600, 1.05),
	('Communicating with Supervisors, Peers, or Subordinates', 'work activities', 'PSY', 32600, 0),
	('Establishing and Maintaining Interpersonal Relationships', 'work activities', 'PSY', 32600, 2.45),
	('Resolving Conflicts and Negotiating with Others', 'work activities', 'PSY', 32600, 0),
	('Coordinating the Work and Activities of Others', 'work activities', 'PSY', 32600, 2.8),
	('Developing and Building Teams', 'work activities', 'PSY', 32600, 2.8),
	('Coaching and Developing Others', 'work activities', 'PSY', 32600, 0),
	('Performing Administrative Activities', 'work activities', 'PSY', 32600, 0),
	('Documenting/Recording Information', 'work activities', 'PSY', 32600, 0),
	('Making Decisions and Solving Problems', 'work activities', 'PSY', 32600, 3.5),
	('Communicating with People Outside the Organization', 'work activities', 'PSY', 32600, 1.05),
	('Assisting and Caring for Others', 'work activities', 'PSY', 32600, 0),
	('Selling or Influencing Others', 'work activities', 'PSY', 32600, 0),
	('Guiding, Directing, and Motivating Subordinates', 'work activities', 'PSY', 32600, 0),
	('Training and Teaching Others', 'work activities', 'PSY', 32600, 0),
	('Providing Consultation and Advice to Others', 'work activities', 'PSY', 32600, 0),
	('Performing for or Working Directly with the Public', 'work activities', 'PSY', 32600, 0),
	('Staffing Organizational Units', 'work activities', 'PSY', 32600, 0),
	('Monitoring and Controlling Resources', 'work activities', 'PSY', 32600, 0),
	('Processing Information', 'work activities', 'PSY', 32600, 0),
	('Sociology and Anthropology', 'knowledge', 'PSY', 33000, 2.8),
	('Therapy and Counseling', 'knowledge', 'PSY', 33000, 2.45),
	('Reading Comprehension', 'skills', 'PSY', 33000, 4.2),
	('Active Listening', 'skills', 'PSY', 33000, 4.2),
	('Writing', 'skills', 'PSY', 33000, 3.85),
	('Speaking', 'skills', 'PSY', 33000, 4.2),
	('Science', 'skills', 'PSY', 33000, 2.8),
	('Critical Thinking', 'skills', 'PSY', 33000, 0),
	('Active Learning', 'skills', 'PSY', 33000, 1.4),
	('Learning Strategies', 'skills', 'PSY', 33000, 1.4),
	('Monitoring', 'skills', 'PSY', 33000, 0),
	('Social Perceptiveness', 'skills', 'PSY', 33000, 2.8),
	('Coordination', 'skills', 'PSY', 33000, 2.8),
	('Persuasion', 'skills', 'PSY', 33000, 0),
	('Negotiation', 'skills', 'PSY', 33000, 0),
	('Service Orientation', 'skills', 'PSY', 33000, 4.2),
	('Complex Problem Solving', 'skills', 'PSY', 33000, 4.2),
	('Time Management', 'skills', 'PSY', 33000, 1.75),
	('Judgment and Decision Making', 'skills', 'PSY', 33000, 1.05),
	('Mathematics', 'skills', 'PSY', 33000, 0),
	('Instructing', 'skills', 'PSY', 33000, 1.05),
	('Oral Comprehension', 'abilities', 'PSY', 33000, 5.25),
	('Written Comprehension', 'abilities', 'PSY', 33000, 4.55),
	('Oral Expression', 'abilities', 'PSY', 33000, 4.55),
	('Written Expression', 'abilities', 'PSY', 33000, 4.55),
	('Fluency of Ideas', 'abilities', 'PSY', 33000, 3.15),
	('Originality', 'abilities', 'PSY', 33000, 2.45),
	('Problem Sensitivity', 'abilities', 'PSY', 33000, 1.75),
	('Deductive Reasoning', 'abilities', 'PSY', 33000, 2.45),
	('Inductive Reasoning', 'abilities', 'PSY', 33000, 3.5),
	('Mathematical Reasoning', 'abilities', 'PSY', 33000, 1.05),
	('Memorization', 'abilities', 'PSY', 33000, 4.9),
	('Speed of Closure', 'abilities', 'PSY', 33000, 0),
	('Selective Attention', 'abilities', 'PSY', 33000, 1.05),
	('Time Sharing', 'abilities', 'PSY', 33000, 0),
	('Speech Recognition', 'abilities', 'PSY', 33000, 1.75),
	('Speech Clarity', 'abilities', 'PSY', 33000, 2.1),
	('Getting Information', 'work activities', 'PSY', 33000, 1.05),
	('Monitoring Processes, Materials, or Surroundings', 'work activities', 'PSY', 33000, 0.7),
	('Identifying Objects, Actions, and Events', 'work activities', 'PSY', 33000, 0),
	('Judging the Qualities of Objects, Services, or People', 'work activities', 'PSY', 33000, 0),
	('Evaluating Information to Determine Compliance with Standards', 'work activities', 'PSY', 33000, 2.1),
	('Analyzing Data or Information', 'work activities', 'PSY', 33000, 2.1),
	('Thinking Creatively', 'work activities', 'PSY', 33000, 0),
	('Updating and Using Relevant Knowledge', 'work activities', 'PSY', 33000, 0),
	('Developing Objectives and Strategies', 'work activities', 'PSY', 33000, 1.4),
	('Scheduling Work and Activities', 'work activities', 'PSY', 33000, 2.45),
	('Organizing, Planning, and Prioritizing Work', 'work activities', 'PSY', 33000, 1.75),
	('Working with Computers', 'work activities', 'PSY', 33000, 0),
	('Interpreting the Meaning of Information for Others', 'work activities', 'PSY', 33000, 2.8),
	('Communicating with Supervisors, Peers, or Subordinates', 'work activities', 'PSY', 33000, 0),
	('Establishing and Maintaining Interpersonal Relationships', 'work activities', 'PSY', 33000, 3.5),
	('Resolving Conflicts and Negotiating with Others', 'work activities', 'PSY', 33000, 1.75),
	('Coordinating the Work and Activities of Others', 'work activities', 'PSY', 33000, 2.8),
	('Developing and Building Teams', 'work activities', 'PSY', 33000, 2.1),
	('Coaching and Developing Others', 'work activities', 'PSY', 33000, 0),
	('Performing Administrative Activities', 'work activities', 'PSY', 33000, 0),
	('Documenting/Recording Information', 'work activities', 'PSY', 33000, 0),
	('Making Decisions and Solving Problems', 'work activities', 'PSY', 33000, 2.8),
	('Communicating with People Outside the Organization', 'work activities', 'PSY', 33000, 2.1),
	('Assisting and Caring for Others', 'work activities', 'PSY', 33000, 2.45),
	('Selling or Influencing Others', 'work activities', 'PSY', 33000, 0),
	('Guiding, Directing, and Motivating Subordinates', 'work activities', 'PSY', 33000, 0),
	('Training and Teaching Others', 'work activities', 'PSY', 33000, 0),
	('Providing Consultation and Advice to Others', 'work activities', 'PSY', 33000, 0),
	('Performing for or Working Directly with the Public', 'work activities', 'PSY', 33000, 2.1),
	('Staffing Organizational Units', 'work activities', 'PSY', 33000, 0),
	('Monitoring and Controlling Resources', 'work activities', 'PSY', 33000, 0),
	('Processing Information', 'work activities', 'PSY', 33000, 0.7),
	('Sociology and Anthropology', 'knowledge', 'PSY', 33100, 4.9),
	('Psychology', 'knowledge', 'PSY', 33100, 4.9),
	('Therapy and Counseling', 'knowledge', 'PSY', 33100, 0),
	('Reading Comprehension', 'skills', 'PSY', 33100, 4.9),
	('Active Listening', 'skills', 'PSY', 33100, 4.9),
	('Writing', 'skills', 'PSY', 33100, 4.9),
	('Speaking', 'skills', 'PSY', 33100, 4.9),
	('Science', 'skills', 'PSY', 33100, 4.9),
	('Critical Thinking', 'skills', 'PSY', 33100, 4.9),
	('Active Learning', 'skills', 'PSY', 33100, 4.9),
	('Learning Strategies', 'skills', 'PSY', 33100, 4.9),
	('Monitoring', 'skills', 'PSY', 33100, 4.9),
	('Social Perceptiveness', 'skills', 'PSY', 33100, 4.9),
	('Coordination', 'skills', 'PSY', 33100, 4.9),
	('Persuasion', 'skills', 'PSY', 33100, 4.9),
	('Negotiation', 'skills', 'PSY', 33100, 4.9),
	('Service Orientation', 'skills', 'PSY', 33100, 0),
	('Complex Problem Solving', 'skills', 'PSY', 33100, 4.9),
	('Time Management', 'skills', 'PSY', 33100, 4.9),
	('Judgment and Decision Making', 'skills', 'PSY', 33100, 4.9),
	('Mathematics', 'skills', 'PSY', 33100, 3.5),
	('Instructing', 'skills', 'PSY', 33100, 2.8),
	('Oral Comprehension', 'abilities', 'PSY', 33100, 4.9),
	('Written Comprehension', 'abilities', 'PSY', 33100, 4.9),
	('Oral Expression', 'abilities', 'PSY', 33100, 4.9),
	('Written Expression', 'abilities', 'PSY', 33100, 5.6),
	('Fluency of Ideas', 'abilities', 'PSY', 33100, 4.9),
	('Originality', 'abilities', 'PSY', 33100, 2.1),
	('Problem Sensitivity', 'abilities', 'PSY', 33100, 2.1),
	('Deductive Reasoning', 'abilities', 'PSY', 33100, 2.8),
	('Inductive Reasoning', 'abilities', 'PSY', 33100, 2.8),
	('Mathematical Reasoning', 'abilities', 'PSY', 33100, 2.1),
	('Memorization', 'abilities', 'PSY', 33100, 3.5),
	('Speed of Closure', 'abilities', 'PSY', 33100, 2.1),
	('Selective Attention', 'abilities', 'PSY', 33100, 2.8),
	('Time Sharing', 'abilities', 'PSY', 33100, 2.1),
	('Speech Recognition', 'abilities', 'PSY', 33100, 4.9),
	('Speech Clarity', 'abilities', 'PSY', 33100, 6.3),
	('Getting Information', 'work activities', 'PSY', 33100, 4.9),
	('Monitoring Processes, Materials, or Surroundings', 'work activities', 'PSY', 33100, 4.9),
	('Identifying Objects, Actions, and Events', 'work activities', 'PSY', 33100, 4.9),
	('Judging the Qualities of Objects, Services, or People', 'work activities', 'PSY', 33100, 3.5),
	('Evaluating Information to Determine Compliance with Standards', 'work activities', 'PSY', 33100, 0),
	('Analyzing Data or Information', 'work activities', 'PSY', 33100, 3.5),
	('Thinking Creatively', 'work activities', 'PSY', 33100, 2.1),
	('Updating and Using Relevant Knowledge', 'work activities', 'PSY', 33100, 2.1),
	('Developing Objectives and Strategies', 'work activities', 'PSY', 33100, 3.5),
	('Scheduling Work and Activities', 'work activities', 'PSY', 33100, 3.5),
	('Organizing, Planning, and Prioritizing Work', 'work activities', 'PSY', 33100, 4.2),
	('Working with Computers', 'work activities', 'PSY', 33100, 0),
	('Interpreting the Meaning of Information for Others', 'work activities', 'PSY', 33100, 3.5),
	('Communicating with Supervisors, Peers, or Subordinates', 'work activities', 'PSY', 33100, 4.2),
	('Establishing and Maintaining Interpersonal Relationships', 'work activities', 'PSY', 33100, 3.5),
	('Resolving Conflicts and Negotiating with Others', 'work activities', 'PSY', 33100, 0),
	('Coordinating the Work and Activities of Others', 'work activities', 'PSY', 33100, 0),
	('Developing and Building Teams', 'work activities', 'PSY', 33100, 3.5),
	('Coaching and Developing Others', 'work activities', 'PSY', 33100, 0),
	('Performing Administrative Activities', 'work activities', 'PSY', 33100, 0),
	('Documenting/Recording Information', 'work activities', 'PSY', 33100, 0),
	('Making Decisions and Solving Problems', 'work activities', 'PSY', 33100, 3.5),
	('Communicating with People Outside the Organization', 'work activities', 'PSY', 33100, 4.2),
	('Assisting and Caring for Others', 'work activities', 'PSY', 33100, 0),
	('Selling or Influencing Others', 'work activities', 'PSY', 33100, 0),
	('Guiding, Directing, and Motivating Subordinates', 'work activities', 'PSY', 33100, 0),
	('Training and Teaching Others', 'work activities', 'PSY', 33100, 0),
	('Providing Consultation and Advice to Others', 'work activities', 'PSY', 33100, 0),
	('Performing for or Working Directly with the Public', 'work activities', 'PSY', 33100, 0),
	('Staffing Organizational Units', 'work activities', 'PSY', 33100, 0),
	('Monitoring and Controlling Resources', 'work activities', 'PSY', 33100, 0),
	('Processing Information', 'work activities', 'PSY', 33100, 3.5),
	('Sociology and Anthropology', 'knowledge', 'PSY', 33200, 4.97),
	('Psychology', 'knowledge', 'PSY', 33200, 4.9),
	('Therapy and Counseling', 'knowledge', 'PSY', 33200, 0),
	('Reading Comprehension', 'skills', 'PSY', 33200, 4.9),
	('Active Listening', 'skills', 'PSY', 33200, 4.97),
	('Writing', 'skills', 'PSY', 33200, 4.97),
	('Speaking', 'skills', 'PSY', 33200, 4.2),
	('Science', 'skills', 'PSY', 33200, 0),
	('Critical Thinking', 'skills', 'PSY', 33200, 3.5),
	('Active Learning', 'skills', 'PSY', 33200, 3.5),
	('Learning Strategies', 'skills', 'PSY', 33200, 3.5),
	('Monitoring', 'skills', 'PSY', 33200, 3.5),
	('Social Perceptiveness', 'skills', 'PSY', 33200, 3.5),
	('Coordination', 'skills', 'PSY', 33200, 3.57),
	('Persuasion', 'skills', 'PSY', 33200, 3.5),
	('Negotiation', 'skills', 'PSY', 33200, 3.57),
	('Service Orientation', 'skills', 'PSY', 33200, 3.5),
	('Complex Problem Solving', 'skills', 'PSY', 33200, 3.36),
	('Time Management', 'skills', 'PSY', 33200, 2.1),
	('Judgment and Decision Making', 'skills', 'PSY', 33200, 3.5),
	('Mathematics', 'skills', 'PSY', 33200, 0),
	('Instructing', 'skills', 'PSY', 33200, 3.5),
	('Oral Comprehension', 'abilities', 'PSY', 33200, 3.5),
	('Written Comprehension', 'abilities', 'PSY', 33200, 4.9),
	('Oral Expression', 'abilities', 'PSY', 33200, 3.5),
	('Written Expression', 'abilities', 'PSY', 33200, 4.97),
	('Fluency of Ideas', 'abilities', 'PSY', 33200, 3.57),
	('Originality', 'abilities', 'PSY', 33200, 3.5),
	('Problem Sensitivity', 'abilities', 'PSY', 33200, 0),
	('Deductive Reasoning', 'abilities', 'PSY', 33200, 3.5),
	('Inductive Reasoning', 'abilities', 'PSY', 33200, 3.43),
	('Mathematical Reasoning', 'abilities', 'PSY', 33200, 0),
	('Memorization', 'abilities', 'PSY', 33200, 0),
	('Speed of Closure', 'abilities', 'PSY', 33200, 0),
	('Selective Attention', 'abilities', 'PSY', 33200, 3.5),
	('Time Sharing', 'abilities', 'PSY', 33200, 3.5),
	('Speech Recognition', 'abilities', 'PSY', 33200, 3.5),
	('Speech Clarity', 'abilities', 'PSY', 33200, 3.5),
	('Getting Information', 'work activities', 'PSY', 33200, 3.57),
	('Monitoring Processes, Materials, or Surroundings', 'work activities', 'PSY', 33200, 3.57),
	('Identifying Objects, Actions, and Events', 'work activities', 'PSY', 33200, 3.57),
	('Judging the Qualities of Objects, Services, or People', 'work activities', 'PSY', 33200, 3.43),
	('Evaluating Information to Determine Compliance with Standards', 'work activities', 'PSY', 33200, 0),
	('Analyzing Data or Information', 'work activities', 'PSY', 33200, 3.5),
	('Thinking Creatively', 'work activities', 'PSY', 33200, 3.5),
	('Updating and Using Relevant Knowledge', 'work activities', 'PSY', 33200, 3.57),
	('Developing Objectives and Strategies', 'work activities', 'PSY', 33200, 3.5),
	('Scheduling Work and Activities', 'work activities', 'PSY', 33200, 0),
	('Organizing, Planning, and Prioritizing Work', 'work activities', 'PSY', 33200, 0),
	('Working with Computers', 'work activities', 'PSY', 33200, 4.9),
	('Interpreting the Meaning of Information for Others', 'work activities', 'PSY', 33200, 3.5),
	('Communicating with Supervisors, Peers, or Subordinates', 'work activities', 'PSY', 33200, 3.5),
	('Establishing and Maintaining Interpersonal Relationships', 'work activities', 'PSY', 33200, 3.5),
	('Resolving Conflicts and Negotiating with Others', 'work activities', 'PSY', 33200, 0),
	('Coordinating the Work and Activities of Others', 'work activities', 'PSY', 33200, 0),
	('Developing and Building Teams', 'work activities', 'PSY', 33200, 0),
	('Coaching and Developing Others', 'work activities', 'PSY', 33200, 0),
	('Performing Administrative Activities', 'work activities', 'PSY', 33200, 0),
	('Documenting/Recording Information', 'work activities', 'PSY', 33200, 3.5),
	('Making Decisions and Solving Problems', 'work activities', 'PSY', 33200, 3.5),
	('Communicating with People Outside the Organization', 'work activities', 'PSY', 33200, 3.57),
	('Assisting and Caring for Others', 'work activities', 'PSY', 33200, 3.5),
	('Selling or Influencing Others', 'work activities', 'PSY', 33200, 4.97),
	('Guiding, Directing, and Motivating Subordinates', 'work activities', 'PSY', 33200, 4.97),
	('Training and Teaching Others', 'work activities', 'PSY', 33200, 3.57),
	('Providing Consultation and Advice to Others', 'work activities', 'PSY', 33200, 3.5),
	('Performing for or Working Directly with the Public', 'work activities', 'PSY', 33200, 3.43),
	('Staffing Organizational Units', 'work activities', 'PSY', 33200, 0),
	('Monitoring and Controlling Resources', 'work activities', 'PSY', 33200, 0),
	('Processing Information', 'work activities', 'PSY', 33200, 3.5),
	('Sociology and Anthropology', 'knowledge', 'PSY', 33400, 4.97),
	('Psychology', 'knowledge', 'PSY', 33400, 4.97),
	('Therapy and Counseling', 'knowledge', 'PSY', 33400, 0),
	('Reading Comprehension', 'skills', 'PSY', 33400, 4.97),
	('Active Listening', 'skills', 'PSY', 33400, 5.04),
	('Writing', 'skills', 'PSY', 33400, 4.97),
	('Speaking', 'skills', 'PSY', 33400, 4.9),
	('Science', 'skills', 'PSY', 33400, 3.5),
	('Critical Thinking', 'skills', 'PSY', 33400, 3.57),
	('Active Learning', 'skills', 'PSY', 33400, 3.5),
	('Learning Strategies', 'skills', 'PSY', 33400, 3.5),
	('Monitoring', 'skills', 'PSY', 33400, 3.5),
	('Social Perceptiveness', 'skills', 'PSY', 33400, 4.9),
	('Coordination', 'skills', 'PSY', 33400, 4.97),
	('Persuasion', 'skills', 'PSY', 33400, 4.9),
	('Negotiation', 'skills', 'PSY', 33400, 3.5),
	('Service Orientation', 'skills', 'PSY', 33400, 4.97),
	('Complex Problem Solving', 'skills', 'PSY', 33400, 4.97),
	('Time Management', 'skills', 'PSY', 33400, 3.5),
	('Judgment and Decision Making', 'skills', 'PSY', 33400, 3.5),
	('Mathematics', 'skills', 'PSY', 33400, 0),
	('Instructing', 'skills', 'PSY', 33400, 3.5),
	('Oral Comprehension', 'abilities', 'PSY', 33400, 4.97),
	('Written Comprehension', 'abilities', 'PSY', 33400, 4.97),
	('Oral Expression', 'abilities', 'PSY', 33400, 4.9),
	('Written Expression', 'abilities', 'PSY', 33400, 4.9),
	('Fluency of Ideas', 'abilities', 'PSY', 33400, 3.5),
	('Originality', 'abilities', 'PSY', 33400, 3.43),
	('Problem Sensitivity', 'abilities', 'PSY', 33400, 0),
	('Deductive Reasoning', 'abilities', 'PSY', 33400, 3.57),
	('Inductive Reasoning', 'abilities', 'PSY', 33400, 3.5),
	('Mathematical Reasoning', 'abilities', 'PSY', 33400, 0),
	('Memorization', 'abilities', 'PSY', 33400, 0),
	('Speed of Closure', 'abilities', 'PSY', 33400, 0),
	('Selective Attention', 'abilities', 'PSY', 33400, 0),
	('Time Sharing', 'abilities', 'PSY', 33400, 0),
	('Speech Recognition', 'abilities', 'PSY', 33400, 3.5),
	('Speech Clarity', 'abilities', 'PSY', 33400, 3.5),
	('Getting Information', 'work activities', 'PSY', 33400, 4.9),
	('Monitoring Processes, Materials, or Surroundings', 'work activities', 'PSY', 33400, 4.97),
	('Identifying Objects, Actions, and Events', 'work activities', 'PSY', 33400, 5.04),
	('Judging the Qualities of Objects, Services, or People', 'work activities', 'PSY', 33400, 4.97),
	('Evaluating Information to Determine Compliance with Standards', 'work activities', 'PSY', 33400, 0),
	('Analyzing Data or Information', 'work activities', 'PSY', 33400, 4.9),
	('Thinking Creatively', 'work activities', 'PSY', 33400, 3.5),
	('Updating and Using Relevant Knowledge', 'work activities', 'PSY', 33400, 4.9),
	('Developing Objectives and Strategies', 'work activities', 'PSY', 33400, 3.5),
	('Scheduling Work and Activities', 'work activities', 'PSY', 33400, 0),
	('Organizing, Planning, and Prioritizing Work', 'work activities', 'PSY', 33400, 3.5),
	('Working with Computers', 'work activities', 'PSY', 33400, 0),
	('Interpreting the Meaning of Information for Others', 'work activities', 'PSY', 33400, 3.5),
	('Communicating with Supervisors, Peers, or Subordinates', 'work activities', 'PSY', 33400, 3.5),
	('Establishing and Maintaining Interpersonal Relationships', 'work activities', 'PSY', 33400, 4.97),
	('Resolving Conflicts and Negotiating with Others', 'work activities', 'PSY', 33400, 4.9),
	('Coordinating the Work and Activities of Others', 'work activities', 'PSY', 33400, 4.9),
	('Developing and Building Teams', 'work activities', 'PSY', 33400, 3.5),
	('Coaching and Developing Others', 'work activities', 'PSY', 33400, 0),
	('Performing Administrative Activities', 'work activities', 'PSY', 33400, 0),
	('Documenting/Recording Information', 'work activities', 'PSY', 33400, 0),
	('Making Decisions and Solving Problems', 'work activities', 'PSY', 33400, 3.5),
	('Communicating with People Outside the Organization', 'work activities', 'PSY', 33400, 4.9),
	('Assisting and Caring for Others', 'work activities', 'PSY', 33400, 4.97),
	('Selling or Influencing Others', 'work activities', 'PSY', 33400, 6.37),
	('Guiding, Directing, and Motivating Subordinates', 'work activities', 'PSY', 33400, 4.97),
	('Training and Teaching Others', 'work activities', 'PSY', 33400, 3.5),
	('Providing Consultation and Advice to Others', 'work activities', 'PSY', 33400, 3.43),
	('Performing for or Working Directly with the Public', 'work activities', 'PSY', 33400, 3.5),
	('Staffing Organizational Units', 'work activities', 'PSY', 33400, 0),
	('Monitoring and Controlling Resources', 'work activities', 'PSY', 33400, 0),
	('Processing Information', 'work activities', 'PSY', 33400, 3.5),
	('Sociology and Anthropology', 'knowledge', 'PSY', 36500, 4.97),
	('Psychology', 'knowledge', 'PSY', 36500, 4.97),
	('Therapy and Counseling', 'knowledge', 'PSY', 36500, 3.5),
	('Reading Comprehension', 'skills', 'PSY', 36500, 5.04),
	('Active Listening', 'skills', 'PSY', 36500, 4.97),
	('Writing', 'skills', 'PSY', 36500, 4.97),
	('Speaking', 'skills', 'PSY', 36500, 5.04),
	('Science', 'skills', 'PSY', 36500, 3.5),
	('Critical Thinking', 'skills', 'PSY', 36500, 3.5),
	('Active Learning', 'skills', 'PSY', 36500, 3.5),
	('Learning Strategies', 'skills', 'PSY', 36500, 3.57),
	('Monitoring', 'skills', 'PSY', 36500, 3.5),
	('Social Perceptiveness', 'skills', 'PSY', 36500, 3.5),
	('Coordination', 'skills', 'PSY', 36500, 3.5),
	('Persuasion', 'skills', 'PSY', 36500, 3.5),
	('Negotiation', 'skills', 'PSY', 36500, 3.5),
	('Service Orientation', 'skills', 'PSY', 36500, 4.97),
	('Complex Problem Solving', 'skills', 'PSY', 36500, 3.5),
	('Time Management', 'skills', 'PSY', 36500, 0),
	('Judgment and Decision Making', 'skills', 'PSY', 36500, 3.5),
	('Mathematics', 'skills', 'PSY', 36500, 0),
	('Instructing', 'skills', 'PSY', 36500, 4.97),
	('Oral Comprehension', 'abilities', 'PSY', 36500, 4.9),
	('Written Comprehension', 'abilities', 'PSY', 36500, 4.9),
	('Oral Expression', 'abilities', 'PSY', 36500, 4.9),
	('Written Expression', 'abilities', 'PSY', 36500, 4.9),
	('Fluency of Ideas', 'abilities', 'PSY', 36500, 0),
	('Originality', 'abilities', 'PSY', 36500, 0),
	('Problem Sensitivity', 'abilities', 'PSY', 36500, 3.5),
	('Deductive Reasoning', 'abilities', 'PSY', 36500, 3.5),
	('Inductive Reasoning', 'abilities', 'PSY', 36500, 3.5),
	('Mathematical Reasoning', 'abilities', 'PSY', 36500, 0),
	('Memorization', 'abilities', 'PSY', 36500, 0),
	('Speed of Closure', 'abilities', 'PSY', 36500, 0),
	('Selective Attention', 'abilities', 'PSY', 36500, 3.5),
	('Time Sharing', 'abilities', 'PSY', 36500, 0),
	('Speech Recognition', 'abilities', 'PSY', 36500, 3.43),
	('Speech Clarity', 'abilities', 'PSY', 36500, 3.5),
	('Getting Information', 'work activities', 'PSY', 36500, 4.97),
	('Monitoring Processes, Materials, or Surroundings', 'work activities', 'PSY', 36500, 4.97),
	('Identifying Objects, Actions, and Events', 'work activities', 'PSY', 36500, 4.97),
	('Judging the Qualities of Objects, Services, or People', 'work activities', 'PSY', 36500, 4.97),
	('Evaluating Information to Determine Compliance with Standards', 'work activities', 'PSY', 36500, 0),
	('Analyzing Data or Information', 'work activities', 'PSY', 36500, 4.97),
	('Thinking Creatively', 'work activities', 'PSY', 36500, 3.5),
	('Updating and Using Relevant Knowledge', 'work activities', 'PSY', 36500, 4.9),
	('Developing Objectives and Strategies', 'work activities', 'PSY', 36500, 0),
	('Scheduling Work and Activities', 'work activities', 'PSY', 36500, 0),
	('Organizing, Planning, and Prioritizing Work', 'work activities', 'PSY', 36500, 0),
	('Working with Computers', 'work activities', 'PSY', 36500, 0),
	('Interpreting the Meaning of Information for Others', 'work activities', 'PSY', 36500, 4.9),
	('Communicating with Supervisors, Peers, or Subordinates', 'work activities', 'PSY', 36500, 4.9),
	('Establishing and Maintaining Interpersonal Relationships', 'work activities', 'PSY', 36500, 6.3),
	('Resolving Conflicts and Negotiating with Others', 'work activities', 'PSY', 36500, 3.5),
	('Coordinating the Work and Activities of Others', 'work activities', 'PSY', 36500, 0),
	('Developing and Building Teams', 'work activities', 'PSY', 36500, 0),
	('Coaching and Developing Others', 'work activities', 'PSY', 36500, 0),
	('Performing Administrative Activities', 'work activities', 'PSY', 36500, 0),
	('Documenting/Recording Information', 'work activities', 'PSY', 36500, 0),
	('Making Decisions and Solving Problems', 'work activities', 'PSY', 36500, 3.5),
	('Communicating with People Outside the Organization', 'work activities', 'PSY', 36500, 4.97),
	('Assisting and Caring for Others', 'work activities', 'PSY', 36500, 4.97),
	('Selling or Influencing Others', 'work activities', 'PSY', 36500, 3.57),
	('Guiding, Directing, and Motivating Subordinates', 'work activities', 'PSY', 36500, 4.9),
	('Training and Teaching Others', 'work activities', 'PSY', 36500, 4.9),
	('Providing Consultation and Advice to Others', 'work activities', 'PSY', 36500, 4.97),
	('Performing for or Working Directly with the Public', 'work activities', 'PSY', 36500, 4.9),
	('Staffing Organizational Units', 'work activities', 'PSY', 36500, 0),
	('Monitoring and Controlling Resources', 'work activities', 'PSY', 36500, 0),
	('Processing Information', 'work activities', 'PSY', 36500, 0),
	('Sociology and Anthropology', 'knowledge', 'PSY', 39002, 3.5),
	('Psychology', 'knowledge', 'PSY', 39002, 4.9),
	('Therapy and Counseling', 'knowledge', 'PSY', 39002, 3.5),
	('Reading Comprehension', 'skills', 'PSY', 39002, 4.2),
	('Active Listening', 'skills', 'PSY', 39002, 0),
	('Writing', 'skills', 'PSY', 39002, 4.2),
	('Speaking', 'skills', 'PSY', 39002, 0),
	('Science', 'skills', 'PSY', 39002, 4.2),
	('Critical Thinking', 'skills', 'PSY', 39002, 4.2),
	('Active Learning', 'skills', 'PSY', 39002, 0),
	('Learning Strategies', 'skills', 'PSY', 39002, 0),
	('Monitoring', 'skills', 'PSY', 39002, 0),
	('Social Perceptiveness', 'skills', 'PSY', 39002, 4.9),
	('Coordination', 'skills', 'PSY', 39002, 0),
	('Persuasion', 'skills', 'PSY', 39002, 0),
	('Negotiation', 'skills', 'PSY', 39002, 0),
	('Service Orientation', 'skills', 'PSY', 39002, 3.5),
	('Complex Problem Solving', 'skills', 'PSY', 39002, 0),
	('Time Management', 'skills', 'PSY', 39002, 0),
	('Judgment and Decision Making', 'skills', 'PSY', 39002, 3.5),
	('Mathematics', 'skills', 'PSY', 39002, 0),
	('Instructing', 'skills', 'PSY', 39002, 0),
	('Oral Comprehension', 'abilities', 'PSY', 39002, 4.2),
	('Written Comprehension', 'abilities', 'PSY', 39002, 4.2),
	('Oral Expression', 'abilities', 'PSY', 39002, 0),
	('Written Expression', 'abilities', 'PSY', 39002, 4.2),
	('Fluency of Ideas', 'abilities', 'PSY', 39002, 0),
	('Originality', 'abilities', 'PSY', 39002, 0),
	('Problem Sensitivity', 'abilities', 'PSY', 39002, 0),
	('Deductive Reasoning', 'abilities', 'PSY', 39002, 4.2),
	('Inductive Reasoning', 'abilities', 'PSY', 39002, 4.2),
	('Mathematical Reasoning', 'abilities', 'PSY', 39002, 0),
	('Memorization', 'abilities', 'PSY', 39002, 0),
	('Speed of Closure', 'abilities', 'PSY', 39002, 0),
	('Selective Attention', 'abilities', 'PSY', 39002, 0),
	('Time Sharing', 'abilities', 'PSY', 39002, 0),
	('Speech Recognition', 'abilities', 'PSY', 39002, 0),
	('Speech Clarity', 'abilities', 'PSY', 39002, 0),
	('Getting Information', 'work activities', 'PSY', 39002, 4.2),
	('Monitoring Processes, Materials, or Surroundings', 'work activities', 'PSY', 39002, 4.2),
	('Identifying Objects, Actions, and Events', 'work activities', 'PSY', 39002, 0),
	('Judging the Qualities of Objects, Services, or People', 'work activities', 'PSY', 39002, 4.2),
	('Evaluating Information to Determine Compliance with Standards', 'work activities', 'PSY', 39002, 4.2),
	('Analyzing Data or Information', 'work activities', 'PSY', 39002, 4.2),
	('Thinking Creatively', 'work activities', 'PSY', 39002, 0),
	('Updating and Using Relevant Knowledge', 'work activities', 'PSY', 39002, 4.2),
	('Developing Objectives and Strategies', 'work activities', 'PSY', 39002, 0),
	('Scheduling Work and Activities', 'work activities', 'PSY', 39002, 0),
	('Organizing, Planning, and Prioritizing Work', 'work activities', 'PSY', 39002, 0),
	('Working with Computers', 'work activities', 'PSY', 39002, 4.2),
	('Interpreting the Meaning of Information for Others', 'work activities', 'PSY', 39002, 0),
	('Communicating with Supervisors, Peers, or Subordinates', 'work activities', 'PSY', 39002, 0),
	('Establishing and Maintaining Interpersonal Relationships', 'work activities', 'PSY', 39002, 0),
	('Resolving Conflicts and Negotiating with Others', 'work activities', 'PSY', 39002, 0),
	('Coordinating the Work and Activities of Others', 'work activities', 'PSY', 39002, 0),
	('Developing and Building Teams', 'work activities', 'PSY', 39002, 0),
	('Coaching and Developing Others', 'work activities', 'PSY', 39002, 4.2),
	('Performing Administrative Activities', 'work activities', 'PSY', 39002, 4.2),
	('Documenting/Recording Information', 'work activities', 'PSY', 39002, 4.2),
	('Making Decisions and Solving Problems', 'work activities', 'PSY', 39002, 4.2),
	('Communicating with People Outside the Organization', 'work activities', 'PSY', 39002, 0),
	('Assisting and Caring for Others', 'work activities', 'PSY', 39002, 4.2),
	('Selling or Influencing Others', 'work activities', 'PSY', 39002, 0),
	('Guiding, Directing, and Motivating Subordinates', 'work activities', 'PSY', 39002, 0),
	('Training and Teaching Others', 'work activities', 'PSY', 39002, 0),
	('Providing Consultation and Advice to Others', 'work activities', 'PSY', 39002, 0),
	('Performing for or Working Directly with the Public', 'work activities', 'PSY', 39002, 0),
	('Staffing Organizational Units', 'work activities', 'PSY', 39002, 0),
	('Monitoring and Controlling Resources', 'work activities', 'PSY', 39002, 0),
	('Processing Information', 'work activities', 'PSY', 39002, 3.5),
	('Sociology and Anthropology', 'knowledge', 'PSY', 39012, 0.7),
	('Psychology', 'knowledge', 'PSY', 39012, 4.06),
	('Therapy and Counseling', 'knowledge', 'PSY', 39012, 0.7),
	('Reading Comprehension', 'skills', 'PSY', 39012, 2.1),
	('Active Listening', 'skills', 'PSY', 39012, 4.2),
	('Writing', 'skills', 'PSY', 39012, 2.1),
	('Speaking', 'skills', 'PSY', 39012, 4.2),
	('Science', 'skills', 'PSY', 39012, 0),
	('Critical Thinking', 'skills', 'PSY', 39012, 4.2),
	('Active Learning', 'skills', 'PSY', 39012, 2.45),
	('Learning Strategies', 'skills', 'PSY', 39012, 0),
	('Monitoring', 'skills', 'PSY', 39012, 0),
	('Social Perceptiveness', 'skills', 'PSY', 39012, 3.15),
	('Coordination', 'skills', 'PSY', 39012, 3.15),
	('Persuasion', 'skills', 'PSY', 39012, 1.05),
	('Negotiation', 'skills', 'PSY', 39012, 0),
	('Service Orientation', 'skills', 'PSY', 39012, 0),
	('Complex Problem Solving', 'skills', 'PSY', 39012, 4.55),
	('Time Management', 'skills', 'PSY', 39012, 1.75),
	('Judgment and Decision Making', 'skills', 'PSY', 39012, 2.1),
	('Mathematics', 'skills', 'PSY', 39012, 0),
	('Instructing', 'skills', 'PSY', 39012, 0),
	('Oral Comprehension', 'abilities', 'PSY', 39012, 4.2),
	('Written Comprehension', 'abilities', 'PSY', 39012, 3.15),
	('Oral Expression', 'abilities', 'PSY', 39012, 4.55),
	('Written Expression', 'abilities', 'PSY', 39012, 2.1),
	('Fluency of Ideas', 'abilities', 'PSY', 39012, 1.75),
	('Originality', 'abilities', 'PSY', 39012, 2.45),
	('Problem Sensitivity', 'abilities', 'PSY', 39012, 3.15),
	('Deductive Reasoning', 'abilities', 'PSY', 39012, 1.68),
	('Inductive Reasoning', 'abilities', 'PSY', 39012, 2.45),
	('Mathematical Reasoning', 'abilities', 'PSY', 39012, 0),
	('Memorization', 'abilities', 'PSY', 39012, 2.8),
	('Speed of Closure', 'abilities', 'PSY', 39012, 0),
	('Selective Attention', 'abilities', 'PSY', 39012, 2.1),
	('Time Sharing', 'abilities', 'PSY', 39012, 0),
	('Speech Recognition', 'abilities', 'PSY', 39012, 2.45),
	('Speech Clarity', 'abilities', 'PSY', 39012, 2.45),
	('Getting Information', 'work activities', 'PSY', 39012, 3.29),
	('Monitoring Processes, Materials, or Surroundings', 'work activities', 'PSY', 39012, 2.66),
	('Identifying Objects, Actions, and Events', 'work activities', 'PSY', 39012, 1.75),
	('Judging the Qualities of Objects, Services, or People', 'work activities', 'PSY', 39012, 3.15),
	('Evaluating Information to Determine Compliance with Standards', 'work activities', 'PSY', 39012, 0),
	('Analyzing Data or Information', 'work activities', 'PSY', 39012, 3.85),
	('Thinking Creatively', 'work activities', 'PSY', 39012, 0),
	('Updating and Using Relevant Knowledge', 'work activities', 'PSY', 39012, 0),
	('Developing Objectives and Strategies', 'work activities', 'PSY', 39012, 0),
	('Scheduling Work and Activities', 'work activities', 'PSY', 39012, 0),
	('Organizing, Planning, and Prioritizing Work', 'work activities', 'PSY', 39012, 1.4),
	('Working with Computers', 'work activities', 'PSY', 39012, 0),
	('Interpreting the Meaning of Information for Others', 'work activities', 'PSY', 39012, 2.8),
	('Communicating with Supervisors, Peers, or Subordinates', 'work activities', 'PSY', 39012, 0),
	('Establishing and Maintaining Interpersonal Relationships', 'work activities', 'PSY', 39012, 1.75),
	('Resolving Conflicts and Negotiating with Others', 'work activities', 'PSY', 39012, 0),
	('Coordinating the Work and Activities of Others', 'work activities', 'PSY', 39012, 0),
	('Developing and Building Teams', 'work activities', 'PSY', 39012, 0),
	('Coaching and Developing Others', 'work activities', 'PSY', 39012, 0),
	('Performing Administrative Activities', 'work activities', 'PSY', 39012, 0),
	('Documenting/Recording Information', 'work activities', 'PSY', 39012, 0),
	('Making Decisions and Solving Problems', 'work activities', 'PSY', 39012, 3.5),
	('Communicating with People Outside the Organization', 'work activities', 'PSY', 39012, 0),
	('Assisting and Caring for Others', 'work activities', 'PSY', 39012, 0),
	('Selling or Influencing Others', 'work activities', 'PSY', 39012, 0),
	('Guiding, Directing, and Motivating Subordinates', 'work activities', 'PSY', 39012, 0),
	('Training and Teaching Others', 'work activities', 'PSY', 39012, 0),
	('Providing Consultation and Advice to Others', 'work activities', 'PSY', 39012, 0),
	('Performing for or Working Directly with the Public', 'work activities', 'PSY', 39012, 0),
	('Staffing Organizational Units', 'work activities', 'PSY', 39012, 0),
	('Monitoring and Controlling Resources', 'work activities', 'PSY', 39012, 0),
	('Processing Information', 'work activities', 'PSY', 39012, 0),
	('Sociology and Anthropology', 'knowledge', 'PSY', 39028, 4.55),
	('Psychology', 'knowledge', 'PSY', 39028, 5.25),
	('Therapy and Counseling', 'knowledge', 'PSY', 39028, 4.55),
	('Reading Comprehension', 'skills', 'PSY', 39028, 4.2),
	('Active Listening', 'skills', 'PSY', 39028, 4.2),
	('Writing', 'skills', 'PSY', 39028, 4.9),
	('Speaking', 'skills', 'PSY', 39028, 4.2),
	('Science', 'skills', 'PSY', 39028, 4.2),
	('Critical Thinking', 'skills', 'PSY', 39028, 4.2),
	('Active Learning', 'skills', 'PSY', 39028, 0),
	('Learning Strategies', 'skills', 'PSY', 39028, 0),
	('Monitoring', 'skills', 'PSY', 39028, 0),
	('Social Perceptiveness', 'skills', 'PSY', 39028, 4.2),
	('Coordination', 'skills', 'PSY', 39028, 4.2),
	('Persuasion', 'skills', 'PSY', 39028, 4.2),
	('Negotiation', 'skills', 'PSY', 39028, 0),
	('Service Orientation', 'skills', 'PSY', 39028, 3.5),
	('Complex Problem Solving', 'skills', 'PSY', 39028, 3.5),
	('Time Management', 'skills', 'PSY', 39028, 3.5),
	('Judgment and Decision Making', 'skills', 'PSY', 39028, 4.2),
	('Mathematics', 'skills', 'PSY', 39028, 4.2),
	('Instructing', 'skills', 'PSY', 39028, 0),
	('Oral Comprehension', 'abilities', 'PSY', 39028, 4.9),
	('Written Comprehension', 'abilities', 'PSY', 39028, 4.9),
	('Oral Expression', 'abilities', 'PSY', 39028, 4.9),
	('Written Expression', 'abilities', 'PSY', 39028, 4.9),
	('Fluency of Ideas', 'abilities', 'PSY', 39028, 0),
	('Originality', 'abilities', 'PSY', 39028, 0),
	('Problem Sensitivity', 'abilities', 'PSY', 39028, 3.5),
	('Deductive Reasoning', 'abilities', 'PSY', 39028, 4.2),
	('Inductive Reasoning', 'abilities', 'PSY', 39028, 4.2),
	('Mathematical Reasoning', 'abilities', 'PSY', 39028, 0),
	('Memorization', 'abilities', 'PSY', 39028, 0),
	('Speed of Closure', 'abilities', 'PSY', 39028, 4.55),
	('Selective Attention', 'abilities', 'PSY', 39028, 0),
	('Time Sharing', 'abilities', 'PSY', 39028, 0),
	('Speech Recognition', 'abilities', 'PSY', 39028, 0),
	('Speech Clarity', 'abilities', 'PSY', 39028, 0),
	('Getting Information', 'work activities', 'PSY', 39028, 4.9),
	('Monitoring Processes, Materials, or Surroundings', 'work activities', 'PSY', 39028, 4.2),
	('Identifying Objects, Actions, and Events', 'work activities', 'PSY', 39028, 4.2),
	('Judging the Qualities of Objects, Services, or People', 'work activities', 'PSY', 39028, 4.2),
	('Evaluating Information to Determine Compliance with Standards', 'work activities', 'PSY', 39028, 4.2),
	('Analyzing Data or Information', 'work activities', 'PSY', 39028, 4.2),
	('Thinking Creatively', 'work activities', 'PSY', 39028, 4.2),
	('Updating and Using Relevant Knowledge', 'work activities', 'PSY', 39028, 4.9),
	('Developing Objectives and Strategies', 'work activities', 'PSY', 39028, 4.2),
	('Scheduling Work and Activities', 'work activities', 'PSY', 39028, 0),
	('Organizing, Planning, and Prioritizing Work', 'work activities', 'PSY', 39028, 0),
	('Working with Computers', 'work activities', 'PSY', 39028, 4.2),
	('Interpreting the Meaning of Information for Others', 'work activities', 'PSY', 39028, 0),
	('Communicating with Supervisors, Peers, or Subordinates', 'work activities', 'PSY', 39028, 0),
	('Establishing and Maintaining Interpersonal Relationships', 'work activities', 'PSY', 39028, 0),
	('Resolving Conflicts and Negotiating with Others', 'work activities', 'PSY', 39028, 0),
	('Coordinating the Work and Activities of Others', 'work activities', 'PSY', 39028, 0),
	('Developing and Building Teams', 'work activities', 'PSY', 39028, 0),
	('Coaching and Developing Others', 'work activities', 'PSY', 39028, 4.2),
	('Performing Administrative Activities', 'work activities', 'PSY', 39028, 4.2),
	('Documenting/Recording Information', 'work activities', 'PSY', 39028, 4.9),
	('Making Decisions and Solving Problems', 'work activities', 'PSY', 39028, 3.5),
	('Communicating with People Outside the Organization', 'work activities', 'PSY', 39028, 0),
	('Assisting and Caring for Others', 'work activities', 'PSY', 39028, 4.2),
	('Selling or Influencing Others', 'work activities', 'PSY', 39028, 0),
	('Guiding, Directing, and Motivating Subordinates', 'work activities', 'PSY', 39028, 0),
	('Training and Teaching Others', 'work activities', 'PSY', 39028, 0),
	('Providing Consultation and Advice to Others', 'work activities', 'PSY', 39028, 4.2),
	('Performing for or Working Directly with the Public', 'work activities', 'PSY', 39028, 4.2),
	('Staffing Organizational Units', 'work activities', 'PSY', 39028, 0),
	('Monitoring and Controlling Resources', 'work activities', 'PSY', 39028, 0),
	('Processing Information', 'work activities', 'PSY', 39028, 4.2),
	('Sociology and Anthropology', 'knowledge', 'PSY', 39029, 2.1),
	('Psychology', 'knowledge', 'PSY', 39029, 4.9),
	('Therapy and Counseling', 'knowledge', 'PSY', 39029, 2.8),
	('Reading Comprehension', 'skills', 'PSY', 39029, 5.95),
	('Active Listening', 'skills', 'PSY', 39029, 0),
	('Writing', 'skills', 'PSY', 39029, 3.5),
	('Speaking', 'skills', 'PSY', 39029, 3.5),
	('Science', 'skills', 'PSY', 39029, 3.5),
	('Critical Thinking', 'skills', 'PSY', 39029, 4.2),
	('Active Learning', 'skills', 'PSY', 39029, 4.2),
	('Learning Strategies', 'skills', 'PSY', 39029, 2.8),
	('Monitoring', 'skills', 'PSY', 39029, 2.1),
	('Social Perceptiveness', 'skills', 'PSY', 39029, 3.5),
	('Coordination', 'skills', 'PSY', 39029, 2.8),
	('Persuasion', 'skills', 'PSY', 39029, 0),
	('Negotiation', 'skills', 'PSY', 39029, 0),
	('Service Orientation', 'skills', 'PSY', 39029, 0),
	('Complex Problem Solving', 'skills', 'PSY', 39029, 3.5),
	('Time Management', 'skills', 'PSY', 39029, 3.5),
	('Judgment and Decision Making', 'skills', 'PSY', 39029, 1.4),
	('Mathematics', 'skills', 'PSY', 39029, 0),
	('Instructing', 'skills', 'PSY', 39029, 1.4),
	('Oral Comprehension', 'abilities', 'PSY', 39029, 4.9),
	('Written Comprehension', 'abilities', 'PSY', 39029, 4.9),
	('Oral Expression', 'abilities', 'PSY', 39029, 4.2),
	('Written Expression', 'abilities', 'PSY', 39029, 2.8),
	('Fluency of Ideas', 'abilities', 'PSY', 39029, 2.8),
	('Originality', 'abilities', 'PSY', 39029, 0),
	('Problem Sensitivity', 'abilities', 'PSY', 39029, 2.8),
	('Deductive Reasoning', 'abilities', 'PSY', 39029, 4.2),
	('Inductive Reasoning', 'abilities', 'PSY', 39029, 4.2),
	('Mathematical Reasoning', 'abilities', 'PSY', 39029, 0),
	('Memorization', 'abilities', 'PSY', 39029, 4.62),
	('Speed of Closure', 'abilities', 'PSY', 39029, 3.5),
	('Selective Attention', 'abilities', 'PSY', 39029, 4.2),
	('Time Sharing', 'abilities', 'PSY', 39029, 2.1),
	('Speech Recognition', 'abilities', 'PSY', 39029, 4.9),
	('Speech Clarity', 'abilities', 'PSY', 39029, 4.2),
	('Getting Information', 'work activities', 'PSY', 39029, 4.9),
	('Monitoring Processes, Materials, or Surroundings', 'work activities', 'PSY', 39029, 0),
	('Identifying Objects, Actions, and Events', 'work activities', 'PSY', 39029, 0),
	('Judging the Qualities of Objects, Services, or People', 'work activities', 'PSY', 39029, 0),
	('Evaluating Information to Determine Compliance with Standards', 'work activities', 'PSY', 39029, 3.5),
	('Analyzing Data or Information', 'work activities', 'PSY', 39029, 2.8),
	('Thinking Creatively', 'work activities', 'PSY', 39029, 0),
	('Updating and Using Relevant Knowledge', 'work activities', 'PSY', 39029, 2.8),
	('Developing Objectives and Strategies', 'work activities', 'PSY', 39029, 0),
	('Scheduling Work and Activities', 'work activities', 'PSY', 39029, 0),
	('Organizing, Planning, and Prioritizing Work', 'work activities', 'PSY', 39029, 3.5),
	('Working with Computers', 'work activities', 'PSY', 39029, 1.4),
	('Interpreting the Meaning of Information for Others', 'work activities', 'PSY', 39029, 4.2),
	('Communicating with Supervisors, Peers, or Subordinates', 'work activities', 'PSY', 39029, 4.2),
	('Establishing and Maintaining Interpersonal Relationships', 'work activities', 'PSY', 39029, 1.4),
	('Resolving Conflicts and Negotiating with Others', 'work activities', 'PSY', 39029, 0),
	('Coordinating the Work and Activities of Others', 'work activities', 'PSY', 39029, 0),
	('Developing and Building Teams', 'work activities', 'PSY', 39029, 0),
	('Coaching and Developing Others', 'work activities', 'PSY', 39029, 0),
	('Performing Administrative Activities', 'work activities', 'PSY', 39029, 1.4),
	('Documenting/Recording Information', 'work activities', 'PSY', 39029, 0),
	('Making Decisions and Solving Problems', 'work activities', 'PSY', 39029, 2.1),
	('Communicating with People Outside the Organization', 'work activities', 'PSY', 39029, 0),
	('Assisting and Caring for Others', 'work activities', 'PSY', 39029, 0),
	('Selling or Influencing Others', 'work activities', 'PSY', 39029, 0),
	('Guiding, Directing, and Motivating Subordinates', 'work activities', 'PSY', 39029, 0),
	('Training and Teaching Others', 'work activities', 'PSY', 39029, 0),
	('Providing Consultation and Advice to Others', 'work activities', 'PSY', 39029, 0),
	('Performing for or Working Directly with the Public', 'work activities', 'PSY', 39029, 0),
	('Staffing Organizational Units', 'work activities', 'PSY', 39029, 0),
	('Monitoring and Controlling Resources', 'work activities', 'PSY', 39029, 0),
	('Processing Information', 'work activities', 'PSY', 39029, 1.33),
	('Sociology and Anthropology', 'knowledge', 'PSY', 45000, 3.5),
	('Psychology', 'knowledge', 'PSY', 45000, 4.55),
	('Therapy and Counseling', 'knowledge', 'PSY', 45000, 3.5),
	('Reading Comprehension', 'skills', 'PSY', 45000, 4.2),
	('Active Listening', 'skills', 'PSY', 45000, 4.2),
	('Writing', 'skills', 'PSY', 45000, 4.2),
	('Speaking', 'skills', 'PSY', 45000, 4.9),
	('Science', 'skills', 'PSY', 45000, 3.5),
	('Critical Thinking', 'skills', 'PSY', 45000, 4.2),
	('Active Learning', 'skills', 'PSY', 45000, 3.5),
	('Learning Strategies', 'skills', 'PSY', 45000, 0),
	('Monitoring', 'skills', 'PSY', 45000, 0),
	('Social Perceptiveness', 'skills', 'PSY', 45000, 4.2),
	('Coordination', 'skills', 'PSY', 45000, 4.2),
	('Persuasion', 'skills', 'PSY', 45000, 3.5),
	('Negotiation', 'skills', 'PSY', 45000, 0),
	('Service Orientation', 'skills', 'PSY', 45000, 4.9),
	('Complex Problem Solving', 'skills', 'PSY', 45000, 4.2),
	('Time Management', 'skills', 'PSY', 45000, 4.9),
	('Judgment and Decision Making', 'skills', 'PSY', 45000, 4.2),
	('Mathematics', 'skills', 'PSY', 45000, 0),
	('Instructing', 'skills', 'PSY', 45000, 0),
	('Oral Comprehension', 'abilities', 'PSY', 45000, 4.2),
	('Written Comprehension', 'abilities', 'PSY', 45000, 4.2),
	('Oral Expression', 'abilities', 'PSY', 45000, 4.2),
	('Written Expression', 'abilities', 'PSY', 45000, 4.2),
	('Fluency of Ideas', 'abilities', 'PSY', 45000, 0),
	('Originality', 'abilities', 'PSY', 45000, 0),
	('Problem Sensitivity', 'abilities', 'PSY', 45000, 4.9),
	('Deductive Reasoning', 'abilities', 'PSY', 45000, 4.2),
	('Inductive Reasoning', 'abilities', 'PSY', 45000, 4.2),
	('Mathematical Reasoning', 'abilities', 'PSY', 45000, 0),
	('Memorization', 'abilities', 'PSY', 45000, 0),
	('Speed of Closure', 'abilities', 'PSY', 45000, 0),
	('Selective Attention', 'abilities', 'PSY', 45000, 4.2),
	('Time Sharing', 'abilities', 'PSY', 45000, 0),
	('Speech Recognition', 'abilities', 'PSY', 45000, 0),
	('Speech Clarity', 'abilities', 'PSY', 45000, 0),
	('Getting Information', 'work activities', 'PSY', 45000, 4.55),
	('Monitoring Processes, Materials, or Surroundings', 'work activities', 'PSY', 45000, 4.2),
	('Identifying Objects, Actions, and Events', 'work activities', 'PSY', 45000, 4.2),
	('Judging the Qualities of Objects, Services, or People', 'work activities', 'PSY', 45000, 4.2),
	('Evaluating Information to Determine Compliance with Standards', 'work activities', 'PSY', 45000, 4.55),
	('Analyzing Data or Information', 'work activities', 'PSY', 45000, 4.2),
	('Thinking Creatively', 'work activities', 'PSY', 45000, 0),
	('Updating and Using Relevant Knowledge', 'work activities', 'PSY', 45000, 3.5),
	('Developing Objectives and Strategies', 'work activities', 'PSY', 45000, 3.5),
	('Scheduling Work and Activities', 'work activities', 'PSY', 45000, 4.2),
	('Organizing, Planning, and Prioritizing Work', 'work activities', 'PSY', 45000, 4.55),
	('Working with Computers', 'work activities', 'PSY', 45000, 4.2),
	('Interpreting the Meaning of Information for Others', 'work activities', 'PSY', 45000, 0),
	('Communicating with Supervisors, Peers, or Subordinates', 'work activities', 'PSY', 45000, 4.2),
	('Establishing and Maintaining Interpersonal Relationships', 'work activities', 'PSY', 45000, 4.2),
	('Resolving Conflicts and Negotiating with Others', 'work activities', 'PSY', 45000, 3.5),
	('Coordinating the Work and Activities of Others', 'work activities', 'PSY', 45000, 0),
	('Developing and Building Teams', 'work activities', 'PSY', 45000, 0),
	('Coaching and Developing Others', 'work activities', 'PSY', 45000, 0),
	('Performing Administrative Activities', 'work activities', 'PSY', 45000, 4.2),
	('Documenting/Recording Information', 'work activities', 'PSY', 45000, 4.2),
	('Making Decisions and Solving Problems', 'work activities', 'PSY', 45000, 4.2),
	('Communicating with People Outside the Organization', 'work activities', 'PSY', 45000, 4.2),
	('Assisting and Caring for Others', 'work activities', 'PSY', 45000, 4.55),
	('Selling or Influencing Others', 'work activities', 'PSY', 45000, 0),
	('Guiding, Directing, and Motivating Subordinates', 'work activities', 'PSY', 45000, 0),
	('Training and Teaching Others', 'work activities', 'PSY', 45000, 0),
	('Providing Consultation and Advice to Others', 'work activities', 'PSY', 45000, 0),
	('Performing for or Working Directly with the Public', 'work activities', 'PSY', 45000, 4.55),
	('Staffing Organizational Units', 'work activities', 'PSY', 45000, 0),
	('Monitoring and Controlling Resources', 'work activities', 'PSY', 45000, 0),
	('Processing Information', 'work activities', 'PSY', 45000, 3.5),
	('Sociology and Anthropology', 'knowledge', 'PSY', 48000, 1.4),
	('Psychology', 'knowledge', 'PSY', 48000, 4.9),
	('Therapy and Counseling', 'knowledge', 'PSY', 48000, 0),
	('Reading Comprehension', 'skills', 'PSY', 48000, 6.02),
	('Active Listening', 'skills', 'PSY', 48000, 3.5),
	('Writing', 'skills', 'PSY', 48000, 4.9),
	('Speaking', 'skills', 'PSY', 48000, 4.55),
	('Science', 'skills', 'PSY', 48000, 4.9),
	('Critical Thinking', 'skills', 'PSY', 48000, 4.9),
	('Active Learning', 'skills', 'PSY', 48000, 4.62),
	('Learning Strategies', 'skills', 'PSY', 48000, 4.2),
	('Monitoring', 'skills', 'PSY', 48000, 4.97),
	('Social Perceptiveness', 'skills', 'PSY', 48000, 4.27),
	('Coordination', 'skills', 'PSY', 48000, 4.2),
	('Persuasion', 'skills', 'PSY', 48000, 0),
	('Negotiation', 'skills', 'PSY', 48000, 0),
	('Service Orientation', 'skills', 'PSY', 48000, 1.4),
	('Complex Problem Solving', 'skills', 'PSY', 48000, 4.97),
	('Time Management', 'skills', 'PSY', 48000, 4.97),
	('Judgment and Decision Making', 'skills', 'PSY', 48000, 4.27),
	('Mathematics', 'skills', 'PSY', 48000, 4.27),
	('Instructing', 'skills', 'PSY', 48000, 2.1),
	('Oral Comprehension', 'abilities', 'PSY', 48000, 5.6),
	('Written Comprehension', 'abilities', 'PSY', 48000, 5.6),
	('Oral Expression', 'abilities', 'PSY', 48000, 5.25),
	('Written Expression', 'abilities', 'PSY', 48000, 4.9),
	('Fluency of Ideas', 'abilities', 'PSY', 48000, 4.9),
	('Originality', 'abilities', 'PSY', 48000, 4.55),
	('Problem Sensitivity', 'abilities', 'PSY', 48000, 4.34),
	('Deductive Reasoning', 'abilities', 'PSY', 48000, 4.9),
	('Inductive Reasoning', 'abilities', 'PSY', 48000, 4.2),
	('Mathematical Reasoning', 'abilities', 'PSY', 48000, 3.5),
	('Memorization', 'abilities', 'PSY', 48000, 1.4),
	('Speed of Closure', 'abilities', 'PSY', 48000, 4.9),
	('Selective Attention', 'abilities', 'PSY', 48000, 4.2),
	('Time Sharing', 'abilities', 'PSY', 48000, 0),
	('Speech Recognition', 'abilities', 'PSY', 48000, 4.2),
	('Speech Clarity', 'abilities', 'PSY', 48000, 5.74),
	('Getting Information', 'work activities', 'PSY', 48000, 5.6),
	('Monitoring Processes, Materials, or Surroundings', 'work activities', 'PSY', 48000, 0),
	('Identifying Objects, Actions, and Events', 'work activities', 'PSY', 48000, 0),
	('Judging the Qualities of Objects, Services, or People', 'work activities', 'PSY', 48000, 0),
	('Evaluating Information to Determine Compliance with Standards', 'work activities', 'PSY', 48000, 3.57),
	('Analyzing Data or Information', 'work activities', 'PSY', 48000, 4.97),
	('Thinking Creatively', 'work activities', 'PSY', 48000, 3.5),
	('Updating and Using Relevant Knowledge', 'work activities', 'PSY', 48000, 4.2),
	('Developing Objectives and Strategies', 'work activities', 'PSY', 48000, 2.87),
	('Scheduling Work and Activities', 'work activities', 'PSY', 48000, 0),
	('Organizing, Planning, and Prioritizing Work', 'work activities', 'PSY', 48000, 5.67),
	('Working with Computers', 'work activities', 'PSY', 48000, 2.45),
	('Interpreting the Meaning of Information for Others', 'work activities', 'PSY', 48000, 4.9),
	('Communicating with Supervisors, Peers, or Subordinates', 'work activities', 'PSY', 48000, 5.6),
	('Establishing and Maintaining Interpersonal Relationships', 'work activities', 'PSY', 48000, 4.9),
	('Resolving Conflicts and Negotiating with Others', 'work activities', 'PSY', 48000, 2.8),
	('Coordinating the Work and Activities of Others', 'work activities', 'PSY', 48000, 4.2),
	('Developing and Building Teams', 'work activities', 'PSY', 48000, 4.2),
	('Coaching and Developing Others', 'work activities', 'PSY', 48000, 0),
	('Performing Administrative Activities', 'work activities', 'PSY', 48000, 4.97),
	('Documenting/Recording Information', 'work activities', 'PSY', 48000, 3.29),
	('Making Decisions and Solving Problems', 'work activities', 'PSY', 48000, 2.45),
	('Communicating with People Outside the Organization', 'work activities', 'PSY', 48000, 3.5),
	('Assisting and Caring for Others', 'work activities', 'PSY', 48000, 0),
	('Selling or Influencing Others', 'work activities', 'PSY', 48000, 0),
	('Guiding, Directing, and Motivating Subordinates', 'work activities', 'PSY', 48000, 0),
	('Training and Teaching Others', 'work activities', 'PSY', 48000, 4.2),
	('Providing Consultation and Advice to Others', 'work activities', 'PSY', 48000, 0),
	('Performing for or Working Directly with the Public', 'work activities', 'PSY', 48000, 3.5),
	('Staffing Organizational Units', 'work activities', 'PSY', 48000, 0),
	('Monitoring and Controlling Resources', 'work activities', 'PSY', 48000, 1.4),
	('Processing Information', 'work activities', 'PSY', 48000, 2.8),
	('Sociology and Anthropology', 'knowledge', 'PSY', 48500, 5.25),
	('Psychology', 'knowledge', 'PSY', 48500, 5.25),
	('Therapy and Counseling', 'knowledge', 'PSY', 48500, 4.2),
	('Reading Comprehension', 'skills', 'PSY', 48500, 5.25),
	('Active Listening', 'skills', 'PSY', 48500, 5.25),
	('Writing', 'skills', 'PSY', 48500, 5.25),
	('Speaking', 'skills', 'PSY', 48500, 5.25),
	('Science', 'skills', 'PSY', 48500, 4.2),
	('Critical Thinking', 'skills', 'PSY', 48500, 4.55),
	('Active Learning', 'skills', 'PSY', 48500, 4.55),
	('Learning Strategies', 'skills', 'PSY', 48500, 4.55),
	('Monitoring', 'skills', 'PSY', 48500, 3.5),
	('Social Perceptiveness', 'skills', 'PSY', 48500, 4.9),
	('Coordination', 'skills', 'PSY', 48500, 4.55),
	('Persuasion', 'skills', 'PSY', 48500, 0),
	('Negotiation', 'skills', 'PSY', 48500, 0),
	('Service Orientation', 'skills', 'PSY', 48500, 4.55),
	('Complex Problem Solving', 'skills', 'PSY', 48500, 4.9),
	('Time Management', 'skills', 'PSY', 48500, 4.9),
	('Judgment and Decision Making', 'skills', 'PSY', 48500, 4.9),
	('Mathematics', 'skills', 'PSY', 48500, 0),
	('Instructing', 'skills', 'PSY', 48500, 0),
	('Oral Comprehension', 'abilities', 'PSY', 48500, 4.9),
	('Written Comprehension', 'abilities', 'PSY', 48500, 4.9),
	('Oral Expression', 'abilities', 'PSY', 48500, 4.9),
	('Written Expression', 'abilities', 'PSY', 48500, 4.9),
	('Fluency of Ideas', 'abilities', 'PSY', 48500, 0),
	('Originality', 'abilities', 'PSY', 48500, 4.2),
	('Problem Sensitivity', 'abilities', 'PSY', 48500, 4.9),
	('Deductive Reasoning', 'abilities', 'PSY', 48500, 4.9),
	('Inductive Reasoning', 'abilities', 'PSY', 48500, 4.9),
	('Mathematical Reasoning', 'abilities', 'PSY', 48500, 3.5),
	('Memorization', 'abilities', 'PSY', 48500, 3.5),
	('Speed of Closure', 'abilities', 'PSY', 48500, 4.2),
	('Selective Attention', 'abilities', 'PSY', 48500, 4.2),
	('Time Sharing', 'abilities', 'PSY', 48500, 0),
	('Speech Recognition', 'abilities', 'PSY', 48500, 4.2),
	('Speech Clarity', 'abilities', 'PSY', 48500, 4.2),
	('Getting Information', 'work activities', 'PSY', 48500, 4.9),
	('Monitoring Processes, Materials, or Surroundings', 'work activities', 'PSY', 48500, 4.2),
	('Identifying Objects, Actions, and Events', 'work activities', 'PSY', 48500, 3.5),
	('Judging the Qualities of Objects, Services, or People', 'work activities', 'PSY', 48500, 3.5),
	('Evaluating Information to Determine Compliance with Standards', 'work activities', 'PSY', 48500, 4.9),
	('Analyzing Data or Information', 'work activities', 'PSY', 48500, 4.2),
	('Thinking Creatively', 'work activities', 'PSY', 48500, 3.5),
	('Updating and Using Relevant Knowledge', 'work activities', 'PSY', 48500, 4.55),
	('Developing Objectives and Strategies', 'work activities', 'PSY', 48500, 4.55),
	('Scheduling Work and Activities', 'work activities', 'PSY', 48500, 5.25),
	('Organizing, Planning, and Prioritizing Work', 'work activities', 'PSY', 48500, 5.25),
	('Working with Computers', 'work activities', 'PSY', 48500, 5.25),
	('Interpreting the Meaning of Information for Others', 'work activities', 'PSY', 48500, 4.2),
	('Communicating with Supervisors, Peers, or Subordinates', 'work activities', 'PSY', 48500, 4.2),
	('Establishing and Maintaining Interpersonal Relationships', 'work activities', 'PSY', 48500, 4.9),
	('Resolving Conflicts and Negotiating with Others', 'work activities', 'PSY', 48500, 3.5),
	('Coordinating the Work and Activities of Others', 'work activities', 'PSY', 48500, 0),
	('Developing and Building Teams', 'work activities', 'PSY', 48500, 3.5),
	('Coaching and Developing Others', 'work activities', 'PSY', 48500, 0),
	('Performing Administrative Activities', 'work activities', 'PSY', 48500, 4.2),
	('Documenting/Recording Information', 'work activities', 'PSY', 48500, 4.2),
	('Making Decisions and Solving Problems', 'work activities', 'PSY', 48500, 4.2),
	('Communicating with People Outside the Organization', 'work activities', 'PSY', 48500, 4.2),
	('Assisting and Caring for Others', 'work activities', 'PSY', 48500, 3.5),
	('Selling or Influencing Others', 'work activities', 'PSY', 48500, 0),
	('Guiding, Directing, and Motivating Subordinates', 'work activities', 'PSY', 48500, 3.5),
	('Training and Teaching Others', 'work activities', 'PSY', 48500, 3.5),
	('Providing Consultation and Advice to Others', 'work activities', 'PSY', 48500, 3.5),
	('Performing for or Working Directly with the Public', 'work activities', 'PSY', 48500, 3.5),
	('Staffing Organizational Units', 'work activities', 'PSY', 48500, 4.2),
	('Monitoring and Controlling Resources', 'work activities', 'PSY', 48500, 0),
	('Processing Information', 'work activities', 'PSY', 48500, 4.9);
